player_name,season,position,overall_pick,games_played,predicted_rotation_prob_mlp,predicted_rotation_prob_lr,combine_grade,factors
Nickeil Alexander-Walker,2019,SG,17.0,204.0,0.7931104,0.5746713808696796,83.3,"[{""feature"": ""Draft position"", ""detail"": ""earlier pick"", ""effect"": ""positive""}, {""feature"": ""Body fat %"", ""detail"": ""leaner than typical"", ""effect"": ""positive""}, {""feature"": ""Standing reach"", ""detail"": ""about average"", ""effect"": ""negative""}, {""feature"": ""Lane agility time"", ""detail"": ""typical speed"", ""effect"": ""positive""}, {""feature"": ""Weight"", ""detail"": ""about average"", ""effect"": ""negative""}]"
RJ Barrett,2019,SF,3.0,278.0,0.9967583,0.7895413855430001,94.1,"[{""feature"": ""Draft position"", ""detail"": ""very early pick"", ""effect"": ""positive""}, {""feature"": ""Body fat %"", ""detail"": ""typical body fat"", ""effect"": ""positive""}, {""feature"": ""Lane agility time"", ""detail"": ""typical speed"", ""effect"": ""positive""}, {""feature"": ""Standing reach"", ""detail"": ""about average"", ""effect"": ""positive""}, {""feature"": ""Three-quarter sprint"", ""detail"": ""typical speed"", ""effect"": ""negative""}]"
Darius Bazley,2019,PF,23.0,227.0,0.6663586,0.7461732126954078,86.3,"[{""feature"": ""Body fat %"", ""detail"": ""much leaner than typical"", ""effect"": ""positive""}, {""feature"": ""Bench press reps"", ""detail"": ""below average"", ""effect"": ""positive""}, {""feature"": ""Draft position"", ""detail"": ""mid-round pick"", ""effect"": ""positive""}, {""feature"": ""Lane agility time"", ""detail"": ""faster than typical"", ""effect"": ""positive""}, {""feature"": ""Standing reach"", ""detail"": ""above average"", ""effect"": ""positive""}]"
Bol Bol,2019,C,44.0,132.0,0.30086687,0.2548554921888859,61.4,"[{""feature"": ""Draft position"", ""detail"": ""later pick"", ""effect"": ""negative""}, {""feature"": ""Standing reach"", ""detail"": ""far above average"", ""effect"": ""positive""}, {""feature"": ""Wingspan"", ""detail"": ""far above average"", ""effect"": ""negative""}, {""feature"": ""Body fat %"", ""detail"": ""typical body fat"", ""effect"": ""positive""}, {""feature"": ""Lane agility time"", ""detail"": ""typical speed"", ""effect"": ""positive""}]"
Jordan Bone,2019,SG,57.0,22.0,0.39135492,0.2238858425373839,15.3,"[{""feature"": ""Draft position"", ""detail"": ""very late pick"", ""effect"": ""negative""}, {""feature"": ""Lane agility time"", ""detail"": ""much faster than typical"", ""effect"": ""positive""}, {""feature"": ""Standing reach"", ""detail"": ""far below average"", ""effect"": ""negative""}, {""feature"": ""Standing vertical leap"", ""detail"": ""far above average"", ""effect"": ""positive""}, {""feature"": ""Max vertical leap"", ""detail"": ""far above average"", ""effect"": ""positive""}]"
Brian Bowen II,2019,SF,,13.0,0.542723,0.6354093936767914,18.5,"[{""feature"": ""Bench press reps"", ""detail"": ""far below average"", ""effect"": ""positive""}, {""feature"": ""Lane agility time"", ""detail"": ""faster than typical"", ""effect"": ""positive""}, {""feature"": ""Standing vertical leap"", ""detail"": ""above average"", ""effect"": ""positive""}, {""feature"": ""Body fat %"", ""detail"": ""typical body fat"", ""effect"": ""positive""}, {""feature"": ""Max vertical leap"", ""detail"": ""about average"", ""effect"": ""positive""}]"
Ky Bowman,2019,PG,,46.0,0.33183134,0.4507369899525988,24.3,"[{""feature"": ""Standing reach"", ""detail"": ""below average"", ""effect"": ""negative""}, {""feature"": ""Bench press reps"", ""detail"": ""below average"", ""effect"": ""positive""}, {""feature"": ""Body fat %"", ""detail"": ""leaner than typical"", ""effect"": ""positive""}, {""feature"": ""Lane agility time"", ""detail"": ""faster than typical"", ""effect"": ""positive""}, {""feature"": ""Standing vertical leap"", ""detail"": ""below average"", ""effect"": ""negative""}]"
Ignas Brazdeikis,2019,SF,47.0,65.0,0.3992804,0.21101387512926734,53.2,"[{""feature"": ""Draft position"", ""detail"": ""very late pick"", ""effect"": ""negative""}, {""feature"": ""Lane agility time"", ""detail"": ""faster than typical"", ""effect"": ""positive""}, {""feature"": ""Body fat %"", ""detail"": ""leaner than typical"", ""effect"": ""positive""}, {""feature"": ""Standing vertical leap"", ""detail"": ""above average"", ""effect"": ""positive""}, {""feature"": ""Max vertical leap"", ""detail"": ""above average"", ""effect"": ""positive""}]"
O'Shae Brissett,2019,SF-PF,,165.0,0.50951385,0.7106043549891357,24.1,"[{""feature"": ""Body fat %"", ""detail"": ""much leaner than typical"", ""effect"": ""positive""}, {""feature"": ""Standing vertical leap"", ""detail"": ""far above average"", ""effect"": ""positive""}, {""feature"": ""Three-quarter sprint"", ""detail"": ""slower than typical"", ""effect"": ""positive""}, {""feature"": ""Max vertical leap"", ""detail"": ""above average"", ""effect"": ""positive""}, {""feature"": ""Lane agility time"", ""detail"": ""typical speed"", ""effect"": ""positive""}]"
Moses Brown,2019,C,,131.0,0.23793136,0.4532291507061865,8.6,"[{""feature"": ""Standing reach"", ""detail"": ""far above average"", ""effect"": ""positive""}, {""feature"": ""Three-quarter sprint"", ""detail"": ""much slower than typical"", ""effect"": ""positive""}, {""feature"": ""Lane agility time"", ""detail"": ""slower than typical"", ""effect"": ""negative""}, {""feature"": ""Max vertical leap"", ""detail"": ""below average"", ""effect"": ""negative""}, {""feature"": ""Standing vertical leap"", ""detail"": ""below average"", ""effect"": ""negative""}]"
Brandon Clarke,2019,SF,21.0,235.0,0.81680906,0.7512038671397979,85.3,"[{""feature"": ""Lane agility time"", ""detail"": ""faster than typical"", ""effect"": ""positive""}, {""feature"": ""Draft position"", ""detail"": ""mid-round pick"", ""effect"": ""positive""}, {""feature"": ""Standing vertical leap"", ""detail"": ""far above average"", ""effect"": ""positive""}, {""feature"": ""Max vertical leap"", ""detail"": ""far above average"", ""effect"": ""positive""}, {""feature"": ""Body fat %"", ""detail"": ""leaner than typical"", ""effect"": ""positive""}]"
Nicolas Claxton,2019,C,31.0,181.0,0.3588543,0.618448273030716,61.4,"[{""feature"": ""Standing reach"", ""detail"": ""above average"", ""effect"": ""positive""}, {""feature"": ""Draft position"", ""detail"": ""mid-round pick"", ""effect"": ""negative""}, {""feature"": ""Body fat %"", ""detail"": ""leaner than typical"", ""effect"": ""positive""}, {""feature"": ""Standing vertical leap"", ""detail"": ""above average"", ""effect"": ""positive""}, {""feature"": ""Lane agility time"", ""detail"": ""typical speed"", ""effect"": ""positive""}]"
Tyler Cook,2019,PF,,61.0,0.24389572,0.454532278989552,15.6,"[{""feature"": ""Standing reach"", ""detail"": ""above average"", ""effect"": ""positive""}, {""feature"": ""Body fat %"", ""detail"": ""leaner than typical"", ""effect"": ""positive""}, {""feature"": ""Standing vertical leap"", ""detail"": ""below average"", ""effect"": ""negative""}, {""feature"": ""Max vertical leap"", ""detail"": ""below average"", ""effect"": ""negative""}, {""feature"": ""Lane agility time"", ""detail"": ""typical speed"", ""effect"": ""positive""}]"
Jarrett Culver,2019,SG,6.0,142.0,0.99094373,0.7444053597171715,95.1,"[{""feature"": ""Draft position"", ""detail"": ""very early pick"", ""effect"": ""positive""}, {""feature"": ""Body fat %"", ""detail"": ""leaner than typical"", ""effect"": ""positive""}, {""feature"": ""Standing reach"", ""detail"": ""below average"", ""effect"": ""negative""}, {""feature"": ""Weight"", ""detail"": ""below average"", ""effect"": ""negative""}, {""feature"": ""Lane agility time"", ""detail"": ""typical speed"", ""effect"": ""positive""}]"
Terence Davis,2019,SG,,226.0,0.38893571,0.5393704369762233,18.2,"[{""feature"": ""Lane agility time"", ""detail"": ""faster than typical"", ""effect"": ""positive""}, {""feature"": ""Body fat %"", ""detail"": ""leaner than typical"", ""effect"": ""positive""}, {""feature"": ""Standing reach"", ""detail"": ""below average"", ""effect"": ""negative""}, {""feature"": ""Bench press reps"", ""detail"": ""about average"", ""effect"": ""negative""}, {""feature"": ""Weight"", ""detail"": ""below average"", ""effect"": ""negative""}]"
Luguentz Dort,2019,PG,,209.0,0.47590774,0.56261536380615,22.3,"[{""feature"": ""Lane agility time"", ""detail"": ""faster than typical"", ""effect"": ""positive""}, {""feature"": ""Body fat %"", ""detail"": ""leaner than typical"", ""effect"": ""positive""}, {""feature"": ""Standing reach"", ""detail"": ""below average"", ""effect"": ""negative""}, {""feature"": ""Standing vertical leap"", ""detail"": ""above average"", ""effect"": ""positive""}, {""feature"": ""Max vertical leap"", ""detail"": ""above average"", ""effect"": ""positive""}]"
Carsen Edwards,2019,PG,,0.0,0.25580433,0.4027911203487801,10.4,"[{""feature"": ""Lane agility time"", ""detail"": ""much faster than typical"", ""effect"": ""positive""}, {""feature"": ""Standing reach"", ""detail"": ""far below average"", ""effect"": ""negative""}, {""feature"": ""Body fat %"", ""detail"": ""leaner than typical"", ""effect"": ""positive""}, {""feature"": ""Bench press reps"", ""detail"": ""above average"", ""effect"": ""negative""}, {""feature"": ""Three-quarter sprint"", ""detail"": ""faster than typical"", ""effect"": ""negative""}]"
Tacko Fall,2019,C,,42.0,0.1504402,0.4532841207055356,2.1,"[{""feature"": ""Standing reach"", ""detail"": ""far above average"", ""effect"": ""positive""}, {""feature"": ""Lane agility time"", ""detail"": ""much slower than typical"", ""effect"": ""negative""}, {""feature"": ""Three-quarter sprint"", ""detail"": ""much slower than typical"", ""effect"": ""positive""}, {""feature"": ""Standing vertical leap"", ""detail"": ""far below average"", ""effect"": ""negative""}, {""feature"": ""Max vertical leap"", ""detail"": ""far below average"", ""effect"": ""negative""}]"
Bruno Fernando,2019,C,34.0,161.0,0.32848948,0.3779628465245557,47.0,"[{""feature"": ""Draft position"", ""detail"": ""later pick"", ""effect"": ""negative""}, {""feature"": ""Standing reach"", ""detail"": ""above average"", ""effect"": ""positive""}, {""feature"": ""Body fat %"", ""detail"": ""leaner than typical"", ""effect"": ""positive""}, {""feature"": ""Three-quarter sprint"", ""detail"": ""faster than typical"", ""effect"": ""negative""}, {""feature"": ""Lane agility time"", ""detail"": ""typical speed"", ""effect"": ""positive""}]"
Daniel Gafford,2019,PF,38.0,244.0,0.32327905,0.4259306798852524,43.8,"[{""feature"": ""Draft position"", ""detail"": ""later pick"", ""effect"": ""negative""}, {""feature"": ""Standing reach"", ""detail"": ""above average"", ""effect"": ""positive""}, {""feature"": ""Bench press reps"", ""detail"": ""below average"", ""effect"": ""positive""}, {""feature"": ""Standing vertical leap"", ""detail"": ""above average"", ""effect"": ""positive""}, {""feature"": ""Body fat %"", ""detail"": ""leaner than typical"", ""effect"": ""positive""}]"
Darius Garland,2019,PG,5.0,239.0,0.99424654,0.764755883866828,94.1,"[{""feature"": ""Draft position"", ""detail"": ""very early pick"", ""effect"": ""positive""}, {""feature"": ""Body fat %"", ""detail"": ""typical body fat"", ""effect"": ""positive""}, {""feature"": ""Lane agility time"", ""detail"": ""typical speed"", ""effect"": ""positive""}, {""feature"": ""Standing reach"", ""detail"": ""about average"", ""effect"": ""positive""}, {""feature"": ""Three-quarter sprint"", ""detail"": ""typical speed"", ""effect"": ""negative""}]"
Kyle Guy,2019,SG,55.0,58.0,0.3784419,0.1500428757929829,31.9,"[{""feature"": ""Draft position"", ""detail"": ""very late pick"", ""effect"": ""negative""}, {""feature"": ""Lane agility time"", ""detail"": ""much faster than typical"", ""effect"": ""positive""}, {""feature"": ""Standing reach"", ""detail"": ""far below average"", ""effect"": ""negative""}, {""feature"": ""Bench press reps"", ""detail"": ""below average"", ""effect"": ""positive""}, {""feature"": ""Body fat %"", ""detail"": ""leaner than typical"", ""effect"": ""positive""}]"
Jaylen Hands,2019,PG,56.0,0.0,0.35857823,0.1540070760127801,27.4,"[{""feature"": ""Draft position"", ""detail"": ""very late pick"", ""effect"": ""negative""}, {""feature"": ""Lane agility time"", ""detail"": ""faster than typical"", ""effect"": ""positive""}, {""feature"": ""Standing reach"", ""detail"": ""below average"", ""effect"": ""negative""}, {""feature"": ""Max vertical leap"", ""detail"": ""far above average"", ""effect"": ""positive""}, {""feature"": ""Standing vertical leap"", ""detail"": ""above average"", ""effect"": ""positive""}]"
Jared Harper,2019,PG,,16.0,0.39609903,0.5346217556392774,25.6,"[{""feature"": ""Standing reach"", ""detail"": ""far below average"", ""effect"": ""negative""}, {""feature"": ""Lane agility time"", ""detail"": ""faster than typical"", ""effect"": ""positive""}, {""feature"": ""Three-quarter sprint"", ""detail"": ""much faster than typical"", ""effect"": ""negative""}, {""feature"": ""Body fat %"", ""detail"": ""leaner than typical"", ""effect"": ""positive""}, {""feature"": ""Max vertical leap"", ""detail"": ""far above average"", ""effect"": ""positive""}]"
Jaxson Hayes,2019,PF,8.0,228.0,0.985022,0.8252666647426556,94.6,"[{""feature"": ""Draft position"", ""detail"": ""very early pick"", ""effect"": ""positive""}, {""feature"": ""Standing reach"", ""detail"": ""above average"", ""effect"": ""positive""}, {""feature"": ""Body fat %"", ""detail"": ""leaner than typical"", ""effect"": ""positive""}, {""feature"": ""Bench press reps"", ""detail"": ""below average"", ""effect"": ""positive""}, {""feature"": ""Lane agility time"", ""detail"": ""typical speed"", ""effect"": ""negative""}]"
Dewan Hernandez,2019,C,59.0,5.0,0.37196946,0.08554836407929807,16.6,"[{""feature"": ""Draft position"", ""detail"": ""very late pick"", ""effect"": ""negative""}, {""feature"": ""Standing reach"", ""detail"": ""above average"", ""effect"": ""positive""}, {""feature"": ""Body fat %"", ""detail"": ""leaner than typical"", ""effect"": ""positive""}, {""feature"": ""Bench press reps"", ""detail"": ""about average"", ""effect"": ""negative""}, {""feature"": ""Standing vertical leap"", ""detail"": ""about average"", ""effect"": ""positive""}]"
Tyler Herro,2019,SG,13.0,266.0,0.85196227,0.5973303884685662,93.6,"[{""feature"": ""Draft position"", ""detail"": ""earlier pick"", ""effect"": ""positive""}, {""feature"": ""Standing reach"", ""detail"": ""below average"", ""effect"": ""negative""}, {""feature"": ""Weight"", ""detail"": ""below average"", ""effect"": ""negative""}, {""feature"": ""Body fat %"", ""detail"": ""typical body fat"", ""effect"": ""positive""}, {""feature"": ""Wingspan"", ""detail"": ""far below average"", ""effect"": ""positive""}]"
Jalen Hoard,2019,PF,,38.0,0.2902931,0.48150821823629564,13.9,"[{""feature"": ""Bench press reps"", ""detail"": ""below average"", ""effect"": ""positive""}, {""feature"": ""Standing reach"", ""detail"": ""about average"", ""effect"": ""positive""}, {""feature"": ""Standing vertical leap"", ""detail"": ""below average"", ""effect"": ""negative""}, {""feature"": ""Body fat %"", ""detail"": ""typical body fat"", ""effect"": ""positive""}, {""feature"": ""Three-quarter sprint"", ""detail"": ""typical speed"", ""effect"": ""positive""}]"
Talen Horton-Tucker,2019,SG,46.0,196.0,0.34680054,0.12829064487200906,45.1,"[{""feature"": ""Draft position"", ""detail"": ""very late pick"", ""effect"": ""negative""}, {""feature"": ""Standing vertical leap"", ""detail"": ""below average"", ""effect"": ""negative""}, {""feature"": ""Body fat %"", ""detail"": ""typical body fat"", ""effect"": ""negative""}, {""feature"": ""Three-quarter sprint"", ""detail"": ""typical speed"", ""effect"": ""positive""}, {""feature"": ""Lane agility time"", ""detail"": ""typical speed"", ""effect"": ""positive""}]"
De'Andre Hunter,2019,,4.0,209.0,0.9956806,0.7773947197935555,94.1,"[{""feature"": ""Draft position"", ""detail"": ""very early pick"", ""effect"": ""positive""}, {""feature"": ""Body fat %"", ""detail"": ""typical body fat"", ""effect"": ""positive""}, {""feature"": ""Lane agility time"", ""detail"": ""typical speed"", ""effect"": ""positive""}, {""feature"": ""Standing reach"", ""detail"": ""about average"", ""effect"": ""positive""}, {""feature"": ""Three-quarter sprint"", ""detail"": ""typical speed"", ""effect"": ""negative""}]"
DaQuan Jeffries,2019,SF-PF,,46.0,0.32427406,0.49637220049618297,17.5,"[{""feature"": ""Body fat %"", ""detail"": ""leaner than typical"", ""effect"": ""positive""}, {""feature"": ""Lane agility time"", ""detail"": ""typical speed"", ""effect"": ""positive""}, {""feature"": ""Draft position"", ""detail"": ""mid-round pick"", ""effect"": ""positive""}, {""feature"": ""Standing reach"", ""detail"": ""about average"", ""effect"": ""positive""}, {""feature"": ""Three-quarter sprint"", ""detail"": ""typical speed"", ""effect"": ""negative""}]"
Ty Jerome,2019,PG,24.0,147.0,0.27675822,0.47164959347545204,86.0,"[{""feature"": ""Bench press reps"", ""detail"": ""far below average"", ""effect"": ""positive""}, {""feature"": ""Standing reach"", ""detail"": ""below average"", ""effect"": ""negative""}, {""feature"": ""Standing vertical leap"", ""detail"": ""below average"", ""effect"": ""negative""}, {""feature"": ""Draft position"", ""detail"": ""mid-round pick"", ""effect"": ""positive""}, {""feature"": ""Three-quarter sprint"", ""detail"": ""slower than typical"", ""effect"": ""positive""}]"
Keldon Johnson,2019,SG,29.0,207.0,0.3101918,0.40451356176330855,63.5,"[{""feature"": ""Body fat %"", ""detail"": ""leaner than typical"", ""effect"": ""positive""}, {""feature"": ""Draft position"", ""detail"": ""mid-round pick"", ""effect"": ""negative""}, {""feature"": ""Lane agility time"", ""detail"": ""typical speed"", ""effect"": ""positive""}, {""feature"": ""Standing reach"", ""detail"": ""about average"", ""effect"": ""positive""}, {""feature"": ""Three-quarter sprint"", ""detail"": ""typical speed"", ""effect"": ""negative""}]"
Cameron Johnson,2019,SG,11.0,246.0,0.9811965,0.8221799223697543,95.5,"[{""feature"": ""Draft position"", ""detail"": ""earlier pick"", ""effect"": ""positive""}, {""feature"": ""Lane agility time"", ""detail"": ""much faster than typical"", ""effect"": ""positive""}, {""feature"": ""Body fat %"", ""detail"": ""leaner than typical"", ""effect"": ""positive""}, {""feature"": ""Max vertical leap"", ""detail"": ""above average"", ""effect"": ""positive""}, {""feature"": ""Standing vertical leap"", ""detail"": ""about average"", ""effect"": ""positive""}]"
Mfiondu Kabengele,2019,PF,27.0,59.0,0.30247712,0.6109268215462614,54.4,"[{""feature"": ""Standing reach"", ""detail"": ""above average"", ""effect"": ""positive""}, {""feature"": ""Body fat %"", ""detail"": ""leaner than typical"", ""effect"": ""positive""}, {""feature"": ""Bench press reps"", ""detail"": ""below average"", ""effect"": ""positive""}, {""feature"": ""Lane agility time"", ""detail"": ""typical speed"", ""effect"": ""positive""}, {""feature"": ""Weight"", ""detail"": ""above average"", ""effect"": ""positive""}]"
Louis King,2019,SF,,28.0,0.5069071,0.6296796271956157,20.5,"[{""feature"": ""Bench press reps"", ""detail"": ""far below average"", ""effect"": ""positive""}, {""feature"": ""Lane agility time"", ""detail"": ""faster than typical"", ""effect"": ""positive""}, {""feature"": ""Body fat %"", ""detail"": ""leaner than typical"", ""effect"": ""positive""}, {""feature"": ""Standing reach"", ""detail"": ""about average"", ""effect"": ""positive""}, {""feature"": ""Weight"", ""detail"": ""below average"", ""effect"": ""negative""}]"
Romeo Langford,2019,SG,14.0,147.0,0.92241824,0.618077574769794,95.0,"[{""feature"": ""Draft position"", ""detail"": ""earlier pick"", ""effect"": ""positive""}, {""feature"": ""Body fat %"", ""detail"": ""typical body fat"", ""effect"": ""positive""}, {""feature"": ""Lane agility time"", ""detail"": ""typical speed"", ""effect"": ""positive""}, {""feature"": ""Standing reach"", ""detail"": ""about average"", ""effect"": ""negative""}, {""feature"": ""Three-quarter sprint"", ""detail"": ""typical speed"", ""effect"": ""negative""}]"
Dedric Lawson,2019,PF,,0.0,0.16781437,0.31482691951080444,3.2,"[{""feature"": ""Three-quarter sprint"", ""detail"": ""much slower than typical"", ""effect"": ""positive""}, {""feature"": ""Max vertical leap"", ""detail"": ""far below average"", ""effect"": ""negative""}, {""feature"": ""Standing vertical leap"", ""detail"": ""far below average"", ""effect"": ""negative""}, {""feature"": ""Standing reach"", ""detail"": ""above average"", ""effect"": ""positive""}, {""feature"": ""Lane agility time"", ""detail"": ""slower than typical"", ""effect"": ""negative""}]"
Jalen Lecque,2019,PG,,11.0,0.68545765,0.743867870475757,26.7,"[{""feature"": ""Max vertical leap"", ""detail"": ""far above average"", ""effect"": ""positive""}, {""feature"": ""Bench press reps"", ""detail"": ""far below average"", ""effect"": ""positive""}, {""feature"": ""Standing vertical leap"", ""detail"": ""far above average"", ""effect"": ""positive""}, {""feature"": ""Body fat %"", ""detail"": ""leaner than typical"", ""effect"": ""positive""}, {""feature"": ""Standing reach"", ""detail"": ""below average"", ""effect"": ""negative""}]"
Nassir Little,2019,SF,25.0,187.0,0.31708178,0.4888749886516735,74.4,"[{""feature"": ""Lane agility time"", ""detail"": ""slower than typical"", ""effect"": ""negative""}, {""feature"": ""Bench press reps"", ""detail"": ""below average"", ""effect"": ""positive""}, {""feature"": ""Max vertical leap"", ""detail"": ""above average"", ""effect"": ""positive""}, {""feature"": ""Body fat %"", ""detail"": ""leaner than typical"", ""effect"": ""positive""}, {""feature"": ""Standing vertical leap"", ""detail"": ""above average"", ""effect"": ""positive""}]"
Terance Mann,2019,SG-SF,48.0,290.0,0.38735193,0.23841304249109743,49.5,"[{""feature"": ""Draft position"", ""detail"": ""very late pick"", ""effect"": ""negative""}, {""feature"": ""Body fat %"", ""detail"": ""leaner than typical"", ""effect"": ""positive""}, {""feature"": ""Standing vertical leap"", ""detail"": ""above average"", ""effect"": ""positive""}, {""feature"": ""Max vertical leap"", ""detail"": ""above average"", ""effect"": ""positive""}, {""feature"": ""Bench press reps"", ""detail"": ""below average"", ""effect"": ""positive""}]"
Cody Martin,2019,PG-SG,36.0,171.0,0.3893061,0.46523964680438784,52.2,"[{""feature"": ""Draft position"", ""detail"": ""later pick"", ""effect"": ""negative""}, {""feature"": ""Lane agility time"", ""detail"": ""much faster than typical"", ""effect"": ""positive""}, {""feature"": ""Body fat %"", ""detail"": ""leaner than typical"", ""effect"": ""positive""}, {""feature"": ""Bench press reps"", ""detail"": ""below average"", ""effect"": ""positive""}, {""feature"": ""Standing vertical leap"", ""detail"": ""about average"", ""effect"": ""negative""}]"
Charles Matthews,2019,SG,,1.0,0.40325117,0.6027251720596081,18.4,"[{""feature"": ""Body fat %"", ""detail"": ""leaner than typical"", ""effect"": ""positive""}, {""feature"": ""Max vertical leap"", ""detail"": ""above average"", ""effect"": ""positive""}, {""feature"": ""Three-quarter sprint"", ""detail"": ""slower than typical"", ""effect"": ""positive""}, {""feature"": ""Lane agility time"", ""detail"": ""typical speed"", ""effect"": ""positive""}, {""feature"": ""Bench press reps"", ""detail"": ""about average"", ""effect"": ""positive""}]"
Jalen McDaniels,2019,SF,52.0,204.0,0.3363735,0.16677044660540508,23.5,"[{""feature"": ""Draft position"", ""detail"": ""very late pick"", ""effect"": ""negative""}, {""feature"": ""Bench press reps"", ""detail"": ""far below average"", ""effect"": ""positive""}, {""feature"": ""Body fat %"", ""detail"": ""leaner than typical"", ""effect"": ""positive""}, {""feature"": ""Standing reach"", ""detail"": ""about average"", ""effect"": ""positive""}, {""feature"": ""Weight"", ""detail"": ""below average"", ""effect"": ""negative""}]"
Ja Morant,2019,PG,2.0,250.0,0.99755895,0.8011947552369982,94.1,"[{""feature"": ""Draft position"", ""detail"": ""very early pick"", ""effect"": ""positive""}, {""feature"": ""Body fat %"", ""detail"": ""typical body fat"", ""effect"": ""positive""}, {""feature"": ""Lane agility time"", ""detail"": ""typical speed"", ""effect"": ""positive""}, {""feature"": ""Standing reach"", ""detail"": ""about average"", ""effect"": ""positive""}, {""feature"": ""Three-quarter sprint"", ""detail"": ""typical speed"", ""effect"": ""negative""}]"
Zach Norvell Jr.,2019,SG,,9.0,0.18672717,0.27826110004840926,11.3,"[{""feature"": ""Standing vertical leap"", ""detail"": ""far below average"", ""effect"": ""negative""}, {""feature"": ""Three-quarter sprint"", ""detail"": ""slower than typical"", ""effect"": ""positive""}, {""feature"": ""Max vertical leap"", ""detail"": ""below average"", ""effect"": ""negative""}, {""feature"": ""Standing reach"", ""detail"": ""below average"", ""effect"": ""negative""}, {""feature"": ""Lane agility time"", ""detail"": ""typical speed"", ""effect"": ""negative""}]"
Jaylen Nowell,2019,SG,43.0,183.0,0.37772483,0.33739070512200897,44.6,"[{""feature"": ""Draft position"", ""detail"": ""later pick"", ""effect"": ""negative""}, {""feature"": ""Lane agility time"", ""detail"": ""faster than typical"", ""effect"": ""positive""}, {""feature"": ""Bench press reps"", ""detail"": ""far below average"", ""effect"": ""positive""}, {""feature"": ""Standing reach"", ""detail"": ""below average"", ""effect"": ""negative""}, {""feature"": ""Max vertical leap"", ""detail"": ""above average"", ""effect"": ""positive""}]"
Chuma Okeke,2019,,16.0,135.0,0.8573795,0.5965634017789798,82.1,"[{""feature"": ""Draft position"", ""detail"": ""earlier pick"", ""effect"": ""positive""}, {""feature"": ""Body fat %"", ""detail"": ""typical body fat"", ""effect"": ""positive""}, {""feature"": ""Lane agility time"", ""detail"": ""typical speed"", ""effect"": ""positive""}, {""feature"": ""Standing reach"", ""detail"": ""about average"", ""effect"": ""positive""}, {""feature"": ""Three-quarter sprint"", ""detail"": ""typical speed"", ""effect"": ""negative""}]"
KZ Okpala,2019,SF,32.0,95.0,0.39019343,0.5956666869945538,63.3,"[{""feature"": ""Draft position"", ""detail"": ""mid-round pick"", ""effect"": ""negative""}, {""feature"": ""Lane agility time"", ""detail"": ""faster than typical"", ""effect"": ""positive""}, {""feature"": ""Body fat %"", ""detail"": ""leaner than typical"", ""effect"": ""positive""}, {""feature"": ""Standing reach"", ""detail"": ""above average"", ""effect"": ""positive""}, {""feature"": ""Max vertical leap"", ""detail"": ""above average"", ""effect"": ""positive""}]"
Miye Oni,2019,SG,58.0,83.0,0.21711154,0.04725872631510335,19.6,"[{""feature"": ""Draft position"", ""detail"": ""very late pick"", ""effect"": ""negative""}, {""feature"": ""Bench press reps"", ""detail"": ""far above average"", ""effect"": ""negative""}, {""feature"": ""Body fat %"", ""detail"": ""leaner than typical"", ""effect"": ""positive""}, {""feature"": ""Max vertical leap"", ""detail"": ""above average"", ""effect"": ""positive""}, {""feature"": ""Three-quarter sprint"", ""detail"": ""faster than typical"", ""effect"": ""negative""}]"
Eric Paschall,2019,SF,41.0,150.0,0.29257587,0.22278072378893432,47.0,"[{""feature"": ""Draft position"", ""detail"": ""later pick"", ""effect"": ""negative""}, {""feature"": ""Bench press reps"", ""detail"": ""above average"", ""effect"": ""negative""}, {""feature"": ""Standing vertical leap"", ""detail"": ""above average"", ""effect"": ""positive""}, {""feature"": ""Max vertical leap"", ""detail"": ""above average"", ""effect"": ""positive""}, {""feature"": ""Body fat %"", ""detail"": ""typical body fat"", ""effect"": ""positive""}]"
Shamorie Ponds,2019,PG,,3.0,0.2990329,0.4211626994239491,15.5,"[{""feature"": ""Bench press reps"", ""detail"": ""far below average"", ""effect"": ""positive""}, {""feature"": ""Standing reach"", ""detail"": ""below average"", ""effect"": ""negative""}, {""feature"": ""Lane agility time"", ""detail"": ""faster than typical"", ""effect"": ""positive""}, {""feature"": ""Body fat %"", ""detail"": ""slightly higher body fat"", ""effect"": ""negative""}, {""feature"": ""Max vertical leap"", ""detail"": ""above average"", ""effect"": ""positive""}]"
Jordan Poole,2019,SG,28.0,282.0,0.3520581,0.4263169537803566,54.3,"[{""feature"": ""Lane agility time"", ""detail"": ""much faster than typical"", ""effect"": ""positive""}, {""feature"": ""Standing reach"", ""detail"": ""below average"", ""effect"": ""negative""}, {""feature"": ""Draft position"", ""detail"": ""mid-round pick"", ""effect"": ""negative""}, {""feature"": ""Standing vertical leap"", ""detail"": ""about average"", ""effect"": ""negative""}, {""feature"": ""Max vertical leap"", ""detail"": ""about average"", ""effect"": ""positive""}]"
Jontay Porter,2019,PF,,10.0,0.25607306,0.4501330781440952,10.0,"[{""feature"": ""Standing reach"", ""detail"": ""above average"", ""effect"": ""positive""}, {""feature"": ""Body fat %"", ""detail"": ""typical body fat"", ""effect"": ""negative""}, {""feature"": ""Lane agility time"", ""detail"": ""typical speed"", ""effect"": ""positive""}, {""feature"": ""Draft position"", ""detail"": ""mid-round pick"", ""effect"": ""positive""}, {""feature"": ""Three-quarter sprint"", ""detail"": ""typical speed"", ""effect"": ""negative""}]"
Kevin Porter Jr.,2019,SG,30.0,181.0,0.2729728,0.4828548336379904,57.5,"[{""feature"": ""Lane agility time"", ""detail"": ""faster than typical"", ""effect"": ""positive""}, {""feature"": ""Bench press reps"", ""detail"": ""far below average"", ""effect"": ""positive""}, {""feature"": ""Draft position"", ""detail"": ""mid-round pick"", ""effect"": ""negative""}, {""feature"": ""Body fat %"", ""detail"": ""leaner than typical"", ""effect"": ""positive""}, {""feature"": ""Three-quarter sprint"", ""detail"": ""faster than typical"", ""effect"": ""negative""}]"
Cameron Reddish,2019,SF,10.0,173.0,0.9753144,0.7505606403362092,95.2,"[{""feature"": ""Draft position"", ""detail"": ""earlier pick"", ""effect"": ""positive""}, {""feature"": ""Body fat %"", ""detail"": ""leaner than typical"", ""effect"": ""positive""}, {""feature"": ""Standing reach"", ""detail"": ""about average"", ""effect"": ""positive""}, {""feature"": ""Lane agility time"", ""detail"": ""typical speed"", ""effect"": ""positive""}, {""feature"": ""Weight"", ""detail"": ""about average"", ""effect"": ""negative""}]"
Naz Reid,2019,PF,,231.0,0.12875375,0.30884619609305636,6.8,"[{""feature"": ""Body fat %"", ""detail"": ""higher body fat than typical"", ""effect"": ""negative""}, {""feature"": ""Lane agility time"", ""detail"": ""slower than typical"", ""effect"": ""negative""}, {""feature"": ""Bench press reps"", ""detail"": ""below average"", ""effect"": ""positive""}, {""feature"": ""Standing reach"", ""detail"": ""above average"", ""effect"": ""positive""}, {""feature"": ""Standing vertical leap"", ""detail"": ""below average"", ""effect"": ""negative""}]"
Isaiah Roby,2019,PF,45.0,148.0,0.39983812,0.386595563883874,57.2,"[{""feature"": ""Draft position"", ""detail"": ""very late pick"", ""effect"": ""negative""}, {""feature"": ""Lane agility time"", ""detail"": ""faster than typical"", ""effect"": ""positive""}, {""feature"": ""Body fat %"", ""detail"": ""leaner than typical"", ""effect"": ""positive""}, {""feature"": ""Standing vertical leap"", ""detail"": ""above average"", ""effect"": ""positive""}, {""feature"": ""Standing reach"", ""detail"": ""about average"", ""effect"": ""positive""}]"
Luka Samanic,2019,PF,19.0,48.0,0.6795218,0.7225682319923002,82.6,"[{""feature"": ""Draft position"", ""detail"": ""earlier pick"", ""effect"": ""positive""}, {""feature"": ""Lane agility time"", ""detail"": ""faster than typical"", ""effect"": ""positive""}, {""feature"": ""Body fat %"", ""detail"": ""leaner than typical"", ""effect"": ""positive""}, {""feature"": ""Standing reach"", ""detail"": ""above average"", ""effect"": ""positive""}, {""feature"": ""Max vertical leap"", ""detail"": ""above average"", ""effect"": ""positive""}]"
Admiral Schofield,2019,SF,42.0,103.0,0.37581,0.2625075640388747,50.5,"[{""feature"": ""Draft position"", ""detail"": ""later pick"", ""effect"": ""negative""}, {""feature"": ""Lane agility time"", ""detail"": ""faster than typical"", ""effect"": ""positive""}, {""feature"": ""Bench press reps"", ""detail"": ""above average"", ""effect"": ""negative""}, {""feature"": ""Three-quarter sprint"", ""detail"": ""slower than typical"", ""effect"": ""positive""}, {""feature"": ""Body fat %"", ""detail"": ""typical body fat"", ""effect"": ""positive""}]"
Marial Shayok,2019,SF-PF,54.0,2.0,0.38749465,0.15975206926351612,35.4,"[{""feature"": ""Draft position"", ""detail"": ""very late pick"", ""effect"": ""negative""}, {""feature"": ""Body fat %"", ""detail"": ""leaner than typical"", ""effect"": ""positive""}, {""feature"": ""Lane agility time"", ""detail"": ""faster than typical"", ""effect"": ""positive""}, {""feature"": ""Three-quarter sprint"", ""detail"": ""slower than typical"", ""effect"": ""positive""}, {""feature"": ""Max vertical leap"", ""detail"": ""above average"", ""effect"": ""positive""}]"
Simisola Shittu,2019,PF,,3.0,0.24630664,0.3908286854970774,9.2,"[{""feature"": ""Lane agility time"", ""detail"": ""slower than typical"", ""effect"": ""negative""}, {""feature"": ""Standing vertical leap"", ""detail"": ""below average"", ""effect"": ""negative""}, {""feature"": ""Standing reach"", ""detail"": ""about average"", ""effect"": ""positive""}, {""feature"": ""Body fat %"", ""detail"": ""leaner than typical"", ""effect"": ""positive""}, {""feature"": ""Max vertical leap"", ""detail"": ""about average"", ""effect"": ""positive""}]"
P.J. Washington,2019,PF,12.0,249.0,0.9493664,0.6609879914632975,94.1,"[{""feature"": ""Draft position"", ""detail"": ""earlier pick"", ""effect"": ""positive""}, {""feature"": ""Standing reach"", ""detail"": ""above average"", ""effect"": ""positive""}, {""feature"": ""Body fat %"", ""detail"": ""typical body fat"", ""effect"": ""negative""}, {""feature"": ""Lane agility time"", ""detail"": ""typical speed"", ""effect"": ""positive""}, {""feature"": ""Weight"", ""detail"": ""above average"", ""effect"": ""positive""}]"
Tremont Waters,2019,PG,51.0,48.0,0.32142848,0.12546318370378245,15.4,"[{""feature"": ""Draft position"", ""detail"": ""very late pick"", ""effect"": ""negative""}, {""feature"": ""Standing reach"", ""detail"": ""far below average"", ""effect"": ""negative""}, {""feature"": ""Lane agility time"", ""detail"": ""faster than typical"", ""effect"": ""positive""}, {""feature"": ""Three-quarter sprint"", ""detail"": ""much faster than typical"", ""effect"": ""negative""}, {""feature"": ""Max vertical leap"", ""detail"": ""far above average"", ""effect"": ""positive""}]"
Quinndary Weatherspoon,2019,SG,49.0,43.0,0.28102544,0.1117046097087079,22.9,"[{""feature"": ""Draft position"", ""detail"": ""very late pick"", ""effect"": ""negative""}, {""feature"": ""Standing reach"", ""detail"": ""below average"", ""effect"": ""negative""}, {""feature"": ""Three-quarter sprint"", ""detail"": ""faster than typical"", ""effect"": ""negative""}, {""feature"": ""Max vertical leap"", ""detail"": ""above average"", ""effect"": ""positive""}, {""feature"": ""Body fat %"", ""detail"": ""leaner than typical"", ""effect"": ""positive""}]"
Coby White,2019,PG,7.0,248.0,0.9808703,0.7162403601018151,95.6,"[{""feature"": ""Draft position"", ""detail"": ""very early pick"", ""effect"": ""positive""}, {""feature"": ""Standing reach"", ""detail"": ""below average"", ""effect"": ""negative""}, {""feature"": ""Body fat %"", ""detail"": ""leaner than typical"", ""effect"": ""positive""}, {""feature"": ""Weight"", ""detail"": ""below average"", ""effect"": ""negative""}, {""feature"": ""Lane agility time"", ""detail"": ""typical speed"", ""effect"": ""positive""}]"
Kris Wilkes,2019,SF,,0.0,0.4508713,0.68514303329751,15.8,"[{""feature"": ""Lane agility time"", ""detail"": ""much faster than typical"", ""effect"": ""positive""}, {""feature"": ""Bench press reps"", ""detail"": ""below average"", ""effect"": ""positive""}, {""feature"": ""Body fat %"", ""detail"": ""leaner than typical"", ""effect"": ""positive""}, {""feature"": ""Standing vertical leap"", ""detail"": ""below average"", ""effect"": ""negative""}, {""feature"": ""Three-quarter sprint"", ""detail"": ""typical speed"", ""effect"": ""positive""}]"
Grant Williams,2019,PF,22.0,330.0,0.2709541,0.48908463182496903,84.9,"[{""feature"": ""Lane agility time"", ""detail"": ""faster than typical"", ""effect"": ""positive""}, {""feature"": ""Bench press reps"", ""detail"": ""far above average"", ""effect"": ""negative""}, {""feature"": ""Draft position"", ""detail"": ""mid-round pick"", ""effect"": ""positive""}, {""feature"": ""Body fat %"", ""detail"": ""leaner than typical"", ""effect"": ""positive""}, {""feature"": ""Standing vertical leap"", ""detail"": ""below average"", ""effect"": ""negative""}]"
Zion Williamson,2019,PF,1.0,108.0,0.99814546,0.8123562167385247,94.1,"[{""feature"": ""Draft position"", ""detail"": ""very early pick"", ""effect"": ""positive""}, {""feature"": ""Body fat %"", ""detail"": ""typical body fat"", ""effect"": ""positive""}, {""feature"": ""Lane agility time"", ""detail"": ""typical speed"", ""effect"": ""positive""}, {""feature"": ""Standing reach"", ""detail"": ""about average"", ""effect"": ""positive""}, {""feature"": ""Three-quarter sprint"", ""detail"": ""typical speed"", ""effect"": ""negative""}]"
Dylan Windler,2019,SF,26.0,82.0,0.42859265,0.6590742262326839,19.0,"[{""feature"": ""Lane agility time"", ""detail"": ""faster than typical"", ""effect"": ""positive""}, {""feature"": ""Body fat %"", ""detail"": ""leaner than typical"", ""effect"": ""positive""}, {""feature"": ""Max vertical leap"", ""detail"": ""above average"", ""effect"": ""positive""}, {""feature"": ""Bench press reps"", ""detail"": ""below average"", ""effect"": ""positive""}, {""feature"": ""Standing reach"", ""detail"": ""about average"", ""effect"": ""positive""}]"
Precious Achiuwa,2020,PF,20.0,193.0,0.6646768,0.6015750711456891,84.5,"[{""feature"": ""Draft position"", ""detail"": ""earlier pick"", ""effect"": ""positive""}, {""feature"": ""Standing reach"", ""detail"": ""above average"", ""effect"": ""positive""}, {""feature"": ""Body fat %"", ""detail"": ""typical body fat"", ""effect"": ""positive""}, {""feature"": ""Weight"", ""detail"": ""above average"", ""effect"": ""positive""}, {""feature"": ""Lane agility time"", ""detail"": ""typical speed"", ""effect"": ""positive""}]"
Ty-Shon Alexander,2020,SG,,17.0,0.2070207,0.2344364782917886,8.2,"[{""feature"": ""Body fat %"", ""detail"": ""higher body fat than typical"", ""effect"": ""negative""}, {""feature"": ""Standing reach"", ""detail"": ""below average"", ""effect"": ""negative""}, {""feature"": ""Lane agility time"", ""detail"": ""typical speed"", ""effect"": ""positive""}, {""feature"": ""Standing vertical leap"", ""detail"": ""about average"", ""effect"": ""negative""}, {""feature"": ""Max vertical leap"", ""detail"": ""about average"", ""effect"": ""negative""}]"
Udoka Azubuike,2020,C,27.0,66.0,0.2440712,0.545516155518385,53.2,"[{""feature"": ""Standing vertical leap"", ""detail"": ""far above average"", ""effect"": ""positive""}, {""feature"": ""Max vertical leap"", ""detail"": ""far above average"", ""effect"": ""positive""}, {""feature"": ""Standing reach"", ""detail"": ""above average"", ""effect"": ""positive""}, {""feature"": ""Lane agility time"", ""detail"": ""slower than typical"", ""effect"": ""negative""}, {""feature"": ""Body fat %"", ""detail"": ""slightly higher body fat"", ""effect"": ""negative""}]"
Tyler Bey,2020,PF,36.0,21.0,0.32792613,0.5157541410325518,63.1,"[{""feature"": ""Draft position"", ""detail"": ""later pick"", ""effect"": ""negative""}, {""feature"": ""Standing vertical leap"", ""detail"": ""far above average"", ""effect"": ""positive""}, {""feature"": ""Max vertical leap"", ""detail"": ""far above average"", ""effect"": ""positive""}, {""feature"": ""Body fat %"", ""detail"": ""leaner than typical"", ""effect"": ""positive""}, {""feature"": ""Three-quarter sprint"", ""detail"": ""faster than typical"", ""effect"": ""negative""}]"
Yoeli Childs,2020,PF,,1.0,0.4402963,0.6164359546421334,16.1,"[{""feature"": ""Lane agility time"", ""detail"": ""faster than typical"", ""effect"": ""positive""}, {""feature"": ""Standing vertical leap"", ""detail"": ""far above average"", ""effect"": ""positive""}, {""feature"": ""Max vertical leap"", ""detail"": ""above average"", ""effect"": ""positive""}, {""feature"": ""Standing reach"", ""detail"": ""about average"", ""effect"": ""positive""}, {""feature"": ""Three-quarter sprint"", ""detail"": ""faster than typical"", ""effect"": ""negative""}]"
Mamadi Diakite,2020,PF,,57.0,0.20998232,0.32893831634572507,7.6,"[{""feature"": ""Lane agility time"", ""detail"": ""slower than typical"", ""effect"": ""negative""}, {""feature"": ""Three-quarter sprint"", ""detail"": ""faster than typical"", ""effect"": ""negative""}, {""feature"": ""Standing reach"", ""detail"": ""above average"", ""effect"": ""positive""}, {""feature"": ""Max vertical leap"", ""detail"": ""above average"", ""effect"": ""positive""}, {""feature"": ""Standing vertical leap"", ""detail"": ""about average"", ""effect"": ""negative""}]"
Devon Dotson,2020,PG,,31.0,0.36894172,0.523048652588572,18.9,"[{""feature"": ""Lane agility time"", ""detail"": ""much faster than typical"", ""effect"": ""positive""}, {""feature"": ""Standing reach"", ""detail"": ""far below average"", ""effect"": ""negative""}, {""feature"": ""Three-quarter sprint"", ""detail"": ""much faster than typical"", ""effect"": ""negative""}, {""feature"": ""Max vertical leap"", ""detail"": ""far above average"", ""effect"": ""positive""}, {""feature"": ""Body fat %"", ""detail"": ""leaner than typical"", ""effect"": ""positive""}]"
Paul Eboua,2020,SF-PF,,0.0,0.44221458,0.6872818587968433,21.8,"[{""feature"": ""Lane agility time"", ""detail"": ""faster than typical"", ""effect"": ""positive""}, {""feature"": ""Body fat %"", ""detail"": ""leaner than typical"", ""effect"": ""positive""}, {""feature"": ""Standing vertical leap"", ""detail"": ""above average"", ""effect"": ""positive""}, {""feature"": ""Standing reach"", ""detail"": ""above average"", ""effect"": ""positive""}, {""feature"": ""Three-quarter sprint"", ""detail"": ""faster than typical"", ""effect"": ""negative""}]"
CJ Elleby,2020,SG-SF,46.0,95.0,0.3673307,0.19386341937528517,56.0,"[{""feature"": ""Draft position"", ""detail"": ""very late pick"", ""effect"": ""negative""}, {""feature"": ""Body fat %"", ""detail"": ""leaner than typical"", ""effect"": ""positive""}, {""feature"": ""Standing reach"", ""detail"": ""below average"", ""effect"": ""negative""}, {""feature"": ""Lane agility time"", ""detail"": ""typical speed"", ""effect"": ""positive""}, {""feature"": ""Max vertical leap"", ""detail"": ""above average"", ""effect"": ""positive""}]"
Trent Forrest,2020,PG,,110.0,0.2892314,0.43963217699770407,11.0,"[{""feature"": ""Lane agility time"", ""detail"": ""faster than typical"", ""effect"": ""positive""}, {""feature"": ""Body fat %"", ""detail"": ""leaner than typical"", ""effect"": ""positive""}, {""feature"": ""Three-quarter sprint"", ""detail"": ""faster than typical"", ""effect"": ""negative""}, {""feature"": ""Standing vertical leap"", ""detail"": ""about average"", ""effect"": ""negative""}, {""feature"": ""Standing reach"", ""detail"": ""about average"", ""effect"": ""negative""}]"
Josh Green,2020,SG-SF,18.0,179.0,0.82540464,0.6757570168067529,90.1,"[{""feature"": ""Draft position"", ""detail"": ""earlier pick"", ""effect"": ""positive""}, {""feature"": ""Lane agility time"", ""detail"": ""faster than typical"", ""effect"": ""positive""}, {""feature"": ""Max vertical leap"", ""detail"": ""far above average"", ""effect"": ""positive""}, {""feature"": ""Three-quarter sprint"", ""detail"": ""faster than typical"", ""effect"": ""negative""}, {""feature"": ""Standing reach"", ""detail"": ""about average"", ""effect"": ""negative""}]"
Ashton Hagans,2020,PG,,2.0,0.34706384,0.4952510792110122,18.2,"[{""feature"": ""Lane agility time"", ""detail"": ""faster than typical"", ""effect"": ""positive""}, {""feature"": ""Body fat %"", ""detail"": ""leaner than typical"", ""effect"": ""positive""}, {""feature"": ""Three-quarter sprint"", ""detail"": ""faster than typical"", ""effect"": ""negative""}, {""feature"": ""Standing reach"", ""detail"": ""below average"", ""effect"": ""negative""}, {""feature"": ""Max vertical leap"", ""detail"": ""above average"", ""effect"": ""positive""}]"
Joshua Hall,2020,SF,,21.0,0.24941048,0.4000458105862437,9.8,"[{""feature"": ""Lane agility time"", ""detail"": ""slower than typical"", ""effect"": ""negative""}, {""feature"": ""Max vertical leap"", ""detail"": ""above average"", ""effect"": ""positive""}, {""feature"": ""Standing vertical leap"", ""detail"": ""above average"", ""effect"": ""positive""}, {""feature"": ""Three-quarter sprint"", ""detail"": ""slower than typical"", ""effect"": ""positive""}, {""feature"": ""Standing reach"", ""detail"": ""about average"", ""effect"": ""positive""}]"
Jalen Harris,2020,SG,59.0,16.0,0.3446685,0.1688893773520336,16.6,"[{""feature"": ""Draft position"", ""detail"": ""very late pick"", ""effect"": ""negative""}, {""feature"": ""Standing vertical leap"", ""detail"": ""far above average"", ""effect"": ""positive""}, {""feature"": ""Lane agility time"", ""detail"": ""much faster than typical"", ""effect"": ""positive""}, {""feature"": ""Max vertical leap"", ""detail"": ""far above average"", ""effect"": ""positive""}, {""feature"": ""Standing reach"", ""detail"": ""below average"", ""effect"": ""negative""}]"
Markus Howard,2020,PG,,75.0,0.18625787,0.21494297892566255,14.3,"[{""feature"": ""Standing reach"", ""detail"": ""far below average"", ""effect"": ""negative""}, {""feature"": ""Three-quarter sprint"", ""detail"": ""faster than typical"", ""effect"": ""negative""}, {""feature"": ""Body fat %"", ""detail"": ""slightly higher body fat"", ""effect"": ""negative""}, {""feature"": ""Lane agility time"", ""detail"": ""typical speed"", ""effect"": ""positive""}, {""feature"": ""Weight"", ""detail"": ""far below average"", ""effect"": ""negative""}]"
Elijah Hughes,2020,SF-SG,39.0,55.0,0.30535382,0.15987048816913338,60.2,"[{""feature"": ""Draft position"", ""detail"": ""later pick"", ""effect"": ""negative""}, {""feature"": ""Body fat %"", ""detail"": ""slightly higher body fat"", ""effect"": ""negative""}, {""feature"": ""Standing reach"", ""detail"": ""about average"", ""effect"": ""negative""}, {""feature"": ""Lane agility time"", ""detail"": ""typical speed"", ""effect"": ""positive""}, {""feature"": ""Weight"", ""detail"": ""about average"", ""effect"": ""positive""}]"
Isaiah Joe,2020,SG,49.0,173.0,0.3305182,0.12006378849596737,50.0,"[{""feature"": ""Draft position"", ""detail"": ""very late pick"", ""effect"": ""negative""}, {""feature"": ""Body fat %"", ""detail"": ""leaner than typical"", ""effect"": ""positive""}, {""feature"": ""Standing reach"", ""detail"": ""below average"", ""effect"": ""negative""}, {""feature"": ""Weight"", ""detail"": ""far below average"", ""effect"": ""negative""}, {""feature"": ""Lane agility time"", ""detail"": ""typical speed"", ""effect"": ""positive""}]"
Mason Jones,2020,SG,,38.0,0.26822785,0.3816895949716968,9.3,"[{""feature"": ""Lane agility time"", ""detail"": ""faster than typical"", ""effect"": ""positive""}, {""feature"": ""Standing vertical leap"", ""detail"": ""far below average"", ""effect"": ""negative""}, {""feature"": ""Max vertical leap"", ""detail"": ""below average"", ""effect"": ""negative""}, {""feature"": ""Body fat %"", ""detail"": ""slightly higher body fat"", ""effect"": ""negative""}, {""feature"": ""Standing reach"", ""detail"": ""about average"", ""effect"": ""negative""}]"
Nathan Knight,2020,PF-C,,112.0,0.17333414,0.3344875368207681,12.6,"[{""feature"": ""Standing vertical leap"", ""detail"": ""far below average"", ""effect"": ""negative""}, {""feature"": ""Standing reach"", ""detail"": ""above average"", ""effect"": ""positive""}, {""feature"": ""Max vertical leap"", ""detail"": ""below average"", ""effect"": ""negative""}, {""feature"": ""Lane agility time"", ""detail"": ""typical speed"", ""effect"": ""negative""}, {""feature"": ""Body fat %"", ""detail"": ""typical body fat"", ""effect"": ""negative""}]"
Theo Maledon,2020,PG,34.0,155.0,0.34836128,0.32621426526123615,66.2,"[{""feature"": ""Draft position"", ""detail"": ""later pick"", ""effect"": ""negative""}, {""feature"": ""Body fat %"", ""detail"": ""much leaner than typical"", ""effect"": ""positive""}, {""feature"": ""Standing reach"", ""detail"": ""below average"", ""effect"": ""negative""}, {""feature"": ""Weight"", ""detail"": ""below average"", ""effect"": ""negative""}, {""feature"": ""Lane agility time"", ""detail"": ""typical speed"", ""effect"": ""positive""}]"
Karim Mane,2020,PG-SG,,12.0,0.28431597,0.40995474759585676,14.9,"[{""feature"": ""Body fat %"", ""detail"": ""leaner than typical"", ""effect"": ""positive""}, {""feature"": ""Three-quarter sprint"", ""detail"": ""much faster than typical"", ""effect"": ""negative""}, {""feature"": ""Standing vertical leap"", ""detail"": ""above average"", ""effect"": ""positive""}, {""feature"": ""Max vertical leap"", ""detail"": ""above average"", ""effect"": ""positive""}, {""feature"": ""Standing reach"", ""detail"": ""about average"", ""effect"": ""negative""}]"
Naji Marshall,2020,SF,,160.0,0.24087946,0.34707536796490485,11.5,"[{""feature"": ""Lane agility time"", ""detail"": ""slower than typical"", ""effect"": ""negative""}, {""feature"": ""Three-quarter sprint"", ""detail"": ""slower than typical"", ""effect"": ""positive""}, {""feature"": ""Body fat %"", ""detail"": ""typical body fat"", ""effect"": ""negative""}, {""feature"": ""Standing reach"", ""detail"": ""about average"", ""effect"": ""negative""}, {""feature"": ""Max vertical leap"", ""detail"": ""about average"", ""effect"": ""positive""}]"
Kenyon Martin Jr.,2020,SF-PF,52.0,191.0,0.2470692,0.09036899345845319,20.1,"[{""feature"": ""Draft position"", ""detail"": ""very late pick"", ""effect"": ""negative""}, {""feature"": ""Lane agility time"", ""detail"": ""slower than typical"", ""effect"": ""negative""}, {""feature"": ""Max vertical leap"", ""detail"": ""above average"", ""effect"": ""positive""}, {""feature"": ""Three-quarter sprint"", ""detail"": ""faster than typical"", ""effect"": ""negative""}, {""feature"": ""Body fat %"", ""detail"": ""leaner than typical"", ""effect"": ""positive""}]"
Skylar Mays,2020,SG,50.0,79.0,0.37927023,0.15643878684735155,27.4,"[{""feature"": ""Draft position"", ""detail"": ""very late pick"", ""effect"": ""negative""}, {""feature"": ""Lane agility time"", ""detail"": ""faster than typical"", ""effect"": ""positive""}, {""feature"": ""Standing reach"", ""detail"": ""below average"", ""effect"": ""negative""}, {""feature"": ""Max vertical leap"", ""detail"": ""above average"", ""effect"": ""positive""}, {""feature"": ""Weight"", ""detail"": ""about average"", ""effect"": ""negative""}]"
Zeke Nnaji,2020,PF-C,22.0,146.0,0.69363123,0.6950607047773858,82.0,"[{""feature"": ""Lane agility time"", ""detail"": ""faster than typical"", ""effect"": ""positive""}, {""feature"": ""Draft position"", ""detail"": ""mid-round pick"", ""effect"": ""positive""}, {""feature"": ""Standing vertical leap"", ""detail"": ""above average"", ""effect"": ""positive""}, {""feature"": ""Max vertical leap"", ""detail"": ""above average"", ""effect"": ""positive""}, {""feature"": ""Body fat %"", ""detail"": ""leaner than typical"", ""effect"": ""positive""}]"
Jordan Nwora,2020,SF-PF,45.0,167.0,0.33666992,0.14291312666149325,50.4,"[{""feature"": ""Draft position"", ""detail"": ""very late pick"", ""effect"": ""negative""}, {""feature"": ""Body fat %"", ""detail"": ""higher body fat than typical"", ""effect"": ""negative""}, {""feature"": ""Three-quarter sprint"", ""detail"": ""slower than typical"", ""effect"": ""positive""}, {""feature"": ""Lane agility time"", ""detail"": ""typical speed"", ""effect"": ""positive""}, {""feature"": ""Max vertical leap"", ""detail"": ""about average"", ""effect"": ""positive""}]"
Reggie Perry,2020,PF-C,57.0,42.0,0.34384868,0.08363811931284838,20.6,"[{""feature"": ""Draft position"", ""detail"": ""very late pick"", ""effect"": ""negative""}, {""feature"": ""Standing reach"", ""detail"": ""above average"", ""effect"": ""positive""}, {""feature"": ""Lane agility time"", ""detail"": ""typical speed"", ""effect"": ""positive""}, {""feature"": ""Body fat %"", ""detail"": ""typical body fat"", ""effect"": ""negative""}, {""feature"": ""Weight"", ""detail"": ""above average"", ""effect"": ""positive""}]"
Myles Powell,2020,PG-SG,,8.0,0.15689251,0.1831454495897066,8.2,"[{""feature"": ""Body fat %"", ""detail"": ""higher body fat than typical"", ""effect"": ""negative""}, {""feature"": ""Standing reach"", ""detail"": ""below average"", ""effect"": ""negative""}, {""feature"": ""Weight"", ""detail"": ""below average"", ""effect"": ""negative""}, {""feature"": ""Lane agility time"", ""detail"": ""typical speed"", ""effect"": ""positive""}, {""feature"": ""Draft position"", ""detail"": ""mid-round pick"", ""effect"": ""positive""}]"
Immanuel Quickley,2020,SG,25.0,230.0,0.27901465,0.3457398162276833,71.3,"[{""feature"": ""Standing reach"", ""detail"": ""below average"", ""effect"": ""negative""}, {""feature"": ""Three-quarter sprint"", ""detail"": ""faster than typical"", ""effect"": ""negative""}, {""feature"": ""Lane agility time"", ""detail"": ""typical speed"", ""effect"": ""positive""}, {""feature"": ""Draft position"", ""detail"": ""mid-round pick"", ""effect"": ""positive""}, {""feature"": ""Weight"", ""detail"": ""below average"", ""effect"": ""negative""}]"
Jahmi'us Ramsey,2020,SG,43.0,38.0,0.33448577,0.1987365711536395,43.0,"[{""feature"": ""Draft position"", ""detail"": ""later pick"", ""effect"": ""negative""}, {""feature"": ""Body fat %"", ""detail"": ""much leaner than typical"", ""effect"": ""positive""}, {""feature"": ""Standing reach"", ""detail"": ""below average"", ""effect"": ""negative""}, {""feature"": ""Weight"", ""detail"": ""below average"", ""effect"": ""negative""}, {""feature"": ""Lane agility time"", ""detail"": ""typical speed"", ""effect"": ""positive""}]"
Paul Reed Jr.,2020,PF,58.0,151.0,0.34892827,0.06787388622958128,21.7,"[{""feature"": ""Draft position"", ""detail"": ""very late pick"", ""effect"": ""negative""}, {""feature"": ""Lane agility time"", ""detail"": ""slower than typical"", ""effect"": ""negative""}, {""feature"": ""Standing reach"", ""detail"": ""above average"", ""effect"": ""positive""}, {""feature"": ""Three-quarter sprint"", ""detail"": ""slower than typical"", ""effect"": ""positive""}, {""feature"": ""Standing vertical leap"", ""detail"": ""below average"", ""effect"": ""negative""}]"
Nick Richards,2020,C,42.0,137.0,0.3108305,0.22270068043744726,45.4,"[{""feature"": ""Draft position"", ""detail"": ""later pick"", ""effect"": ""negative""}, {""feature"": ""Standing reach"", ""detail"": ""above average"", ""effect"": ""positive""}, {""feature"": ""Body fat %"", ""detail"": ""typical body fat"", ""effect"": ""negative""}, {""feature"": ""Three-quarter sprint"", ""detail"": ""typical speed"", ""effect"": ""negative""}, {""feature"": ""Weight"", ""detail"": ""above average"", ""effect"": ""positive""}]"
Grant Riller,2020,PG-SG,56.0,9.0,0.2542629,0.07948978364047961,13.9,"[{""feature"": ""Draft position"", ""detail"": ""very late pick"", ""effect"": ""negative""}, {""feature"": ""Standing reach"", ""detail"": ""below average"", ""effect"": ""negative""}, {""feature"": ""Three-quarter sprint"", ""detail"": ""much faster than typical"", ""effect"": ""negative""}, {""feature"": ""Max vertical leap"", ""detail"": ""far above average"", ""effect"": ""positive""}, {""feature"": ""Standing vertical leap"", ""detail"": ""above average"", ""effect"": ""positive""}]"
Jayden Scrubb,2020,SG-SF,55.0,30.0,0.36757448,0.10820913354231465,34.0,"[{""feature"": ""Draft position"", ""detail"": ""very late pick"", ""effect"": ""negative""}, {""feature"": ""Body fat %"", ""detail"": ""leaner than typical"", ""effect"": ""positive""}, {""feature"": ""Weight"", ""detail"": ""below average"", ""effect"": ""negative""}, {""feature"": ""Standing reach"", ""detail"": ""about average"", ""effect"": ""positive""}, {""feature"": ""Lane agility time"", ""detail"": ""typical speed"", ""effect"": ""positive""}]"
Jalen Smith,2020,PF-C,10.0,144.0,0.9788705,0.8136444351034318,93.5,"[{""feature"": ""Draft position"", ""detail"": ""earlier pick"", ""effect"": ""positive""}, {""feature"": ""Body fat %"", ""detail"": ""leaner than typical"", ""effect"": ""positive""}, {""feature"": ""Standing reach"", ""detail"": ""above average"", ""effect"": ""positive""}, {""feature"": ""Lane agility time"", ""detail"": ""typical speed"", ""effect"": ""positive""}, {""feature"": ""Wingspan"", ""detail"": ""above average"", ""effect"": ""negative""}]"
Cassius Stanley,2020,SG,54.0,33.0,0.28912732,0.12816651278284527,12.1,"[{""feature"": ""Draft position"", ""detail"": ""very late pick"", ""effect"": ""negative""}, {""feature"": ""Max vertical leap"", ""detail"": ""far above average"", ""effect"": ""positive""}, {""feature"": ""Standing vertical leap"", ""detail"": ""far above average"", ""effect"": ""positive""}, {""feature"": ""Three-quarter sprint"", ""detail"": ""much faster than typical"", ""effect"": ""negative""}, {""feature"": ""Standing reach"", ""detail"": ""below average"", ""effect"": ""negative""}]"
Lamar Stevens,2020,SF-PF,,161.0,0.7038912,0.6980557472536593,18.6,"[{""feature"": ""Lane agility time"", ""detail"": ""much faster than typical"", ""effect"": ""positive""}, {""feature"": ""Standing vertical leap"", ""detail"": ""far above average"", ""effect"": ""positive""}, {""feature"": ""Max vertical leap"", ""detail"": ""far above average"", ""effect"": ""positive""}, {""feature"": ""Standing reach"", ""detail"": ""below average"", ""effect"": ""negative""}, {""feature"": ""Three-quarter sprint"", ""detail"": ""faster than typical"", ""effect"": ""negative""}]"
Isaiah Stewart,2020,C,16.0,173.0,0.8564059,0.6494758098731197,82.1,"[{""feature"": ""Draft position"", ""detail"": ""earlier pick"", ""effect"": ""positive""}, {""feature"": ""Standing reach"", ""detail"": ""above average"", ""effect"": ""positive""}, {""feature"": ""Weight"", ""detail"": ""above average"", ""effect"": ""positive""}, {""feature"": ""Wingspan"", ""detail"": ""far above average"", ""effect"": ""negative""}, {""feature"": ""Lane agility time"", ""detail"": ""typical speed"", ""effect"": ""positive""}]"
Tyrell Terry,2020,PG,31.0,14.0,0.31094396,0.3154597224830918,59.1,"[{""feature"": ""Lane agility time"", ""detail"": ""faster than typical"", ""effect"": ""positive""}, {""feature"": ""Standing reach"", ""detail"": ""far below average"", ""effect"": ""negative""}, {""feature"": ""Draft position"", ""detail"": ""mid-round pick"", ""effect"": ""negative""}, {""feature"": ""Weight"", ""detail"": ""far below average"", ""effect"": ""negative""}, {""feature"": ""Standing vertical leap"", ""detail"": ""about average"", ""effect"": ""positive""}]"
Killian Tillie,2020,PF,,50.0,0.2170154,0.2946223703773816,8.7,"[{""feature"": ""Body fat %"", ""detail"": ""higher body fat than typical"", ""effect"": ""negative""}, {""feature"": ""Three-quarter sprint"", ""detail"": ""slower than typical"", ""effect"": ""positive""}, {""feature"": ""Standing reach"", ""detail"": ""about average"", ""effect"": ""positive""}, {""feature"": ""Standing vertical leap"", ""detail"": ""below average"", ""effect"": ""negative""}, {""feature"": ""Max vertical leap"", ""detail"": ""below average"", ""effect"": ""negative""}]"
Xavier Tillman Sr.,2020,PF-C,35.0,180.0,0.28643414,0.24642471023478071,44.3,"[{""feature"": ""Draft position"", ""detail"": ""later pick"", ""effect"": ""negative""}, {""feature"": ""Three-quarter sprint"", ""detail"": ""much slower than typical"", ""effect"": ""positive""}, {""feature"": ""Lane agility time"", ""detail"": ""slower than typical"", ""effect"": ""negative""}, {""feature"": ""Standing vertical leap"", ""detail"": ""below average"", ""effect"": ""negative""}, {""feature"": ""Standing reach"", ""detail"": ""about average"", ""effect"": ""positive""}]"
Kaleb Wesson,2020,C,,3.0,0.12684429,0.27638727480809633,2.1,"[{""feature"": ""Standing vertical leap"", ""detail"": ""far below average"", ""effect"": ""negative""}, {""feature"": ""Body fat %"", ""detail"": ""higher body fat than typical"", ""effect"": ""negative""}, {""feature"": ""Three-quarter sprint"", ""detail"": ""much slower than typical"", ""effect"": ""positive""}, {""feature"": ""Standing reach"", ""detail"": ""far above average"", ""effect"": ""positive""}, {""feature"": ""Max vertical leap"", ""detail"": ""far below average"", ""effect"": ""negative""}]"
Kahlil Whitney,2020,SF,,1.0,0.33518317,0.5683778936194216,14.4,"[{""feature"": ""Max vertical leap"", ""detail"": ""above average"", ""effect"": ""positive""}, {""feature"": ""Body fat %"", ""detail"": ""leaner than typical"", ""effect"": ""positive""}, {""feature"": ""Lane agility time"", ""detail"": ""typical speed"", ""effect"": ""positive""}, {""feature"": ""Standing reach"", ""detail"": ""about average"", ""effect"": ""positive""}, {""feature"": ""Weight"", ""detail"": ""about average"", ""effect"": ""negative""}]"
Cassius Winston,2020,PG,53.0,32.0,0.22691214,0.056486846207362315,21.2,"[{""feature"": ""Draft position"", ""detail"": ""very late pick"", ""effect"": ""negative""}, {""feature"": ""Three-quarter sprint"", ""detail"": ""much slower than typical"", ""effect"": ""positive""}, {""feature"": ""Standing reach"", ""detail"": ""below average"", ""effect"": ""negative""}, {""feature"": ""Standing vertical leap"", ""detail"": ""far below average"", ""effect"": ""negative""}, {""feature"": ""Max vertical leap"", ""detail"": ""far below average"", ""effect"": ""negative""}]"
Robert Woodard II,2020,SF,40.0,30.0,0.3923302,0.365409413703652,68.5,"[{""feature"": ""Draft position"", ""detail"": ""later pick"", ""effect"": ""negative""}, {""feature"": ""Body fat %"", ""detail"": ""leaner than typical"", ""effect"": ""positive""}, {""feature"": ""Lane agility time"", ""detail"": ""faster than typical"", ""effect"": ""positive""}, {""feature"": ""Standing vertical leap"", ""detail"": ""above average"", ""effect"": ""positive""}, {""feature"": ""Max vertical leap"", ""detail"": ""above average"", ""effect"": ""positive""}]"
Max Abmas,2021,PG,,0.0,0.22522919,0.30705455948390936,14.9,"[{""feature"": ""Standing reach"", ""detail"": ""far below average"", ""effect"": ""negative""}, {""feature"": ""Lane agility time"", ""detail"": ""faster than typical"", ""effect"": ""positive""}, {""feature"": ""Three-quarter sprint"", ""detail"": ""faster than typical"", ""effect"": ""negative""}, {""feature"": ""Body fat %"", ""detail"": ""leaner than typical"", ""effect"": ""positive""}, {""feature"": ""Weight"", ""detail"": ""far below average"", ""effect"": ""negative""}]"
Marcus Bagley,2021,SF,,0.0,0.20856106,0.32731598092332553,10.7,"[{""feature"": ""Lane agility time"", ""detail"": ""slower than typical"", ""effect"": ""negative""}, {""feature"": ""Standing vertical leap"", ""detail"": ""above average"", ""effect"": ""positive""}, {""feature"": ""Max vertical leap"", ""detail"": ""above average"", ""effect"": ""positive""}, {""feature"": ""Three-quarter sprint"", ""detail"": ""faster than typical"", ""effect"": ""negative""}, {""feature"": ""Standing reach"", ""detail"": ""about average"", ""effect"": ""negative""}]"
Scottie Barnes,2021,SF,4.0,153.0,0.99617505,0.9236993322625905,96.6,"[{""feature"": ""Draft position"", ""detail"": ""very early pick"", ""effect"": ""positive""}, {""feature"": ""Standing vertical leap"", ""detail"": ""far above average"", ""effect"": ""positive""}, {""feature"": ""Lane agility time"", ""detail"": ""faster than typical"", ""effect"": ""positive""}, {""feature"": ""Max vertical leap"", ""detail"": ""far above average"", ""effect"": ""positive""}, {""feature"": ""Standing reach"", ""detail"": ""above average"", ""effect"": ""positive""}]"
Charles Bassey,2021,C,53.0,60.0,0.25858986,0.08961660293317526,16.9,"[{""feature"": ""Draft position"", ""detail"": ""very late pick"", ""effect"": ""negative""}, {""feature"": ""Lane agility time"", ""detail"": ""slower than typical"", ""effect"": ""negative""}, {""feature"": ""Standing vertical leap"", ""detail"": ""above average"", ""effect"": ""positive""}, {""feature"": ""Three-quarter sprint"", ""detail"": ""faster than typical"", ""effect"": ""negative""}, {""feature"": ""Standing reach"", ""detail"": ""above average"", ""effect"": ""positive""}]"
Brandon Boston Jr.,2021,SF,51.0,71.0,0.35778773,0.11078940130909137,28.9,"[{""feature"": ""Draft position"", ""detail"": ""very late pick"", ""effect"": ""negative""}, {""feature"": ""Body fat %"", ""detail"": ""leaner than typical"", ""effect"": ""positive""}, {""feature"": ""Weight"", ""detail"": ""below average"", ""effect"": ""negative""}, {""feature"": ""Lane agility time"", ""detail"": ""typical speed"", ""effect"": ""positive""}, {""feature"": ""Standing reach"", ""detail"": ""about average"", ""effect"": ""positive""}]"
James Bouknight,2021,SG,11.0,69.0,0.9535725,0.6723960898879336,95.1,"[{""feature"": ""Draft position"", ""detail"": ""earlier pick"", ""effect"": ""positive""}, {""feature"": ""Body fat %"", ""detail"": ""leaner than typical"", ""effect"": ""positive""}, {""feature"": ""Standing reach"", ""detail"": ""about average"", ""effect"": ""negative""}, {""feature"": ""Weight"", ""detail"": ""below average"", ""effect"": ""negative""}, {""feature"": ""Lane agility time"", ""detail"": ""typical speed"", ""effect"": ""positive""}]"
Greg Brown III,2021,PF,43.0,69.0,0.37714538,0.3548007433742995,49.8,"[{""feature"": ""Draft position"", ""detail"": ""later pick"", ""effect"": ""negative""}, {""feature"": ""Lane agility time"", ""detail"": ""faster than typical"", ""effect"": ""positive""}, {""feature"": ""Standing vertical leap"", ""detail"": ""above average"", ""effect"": ""positive""}, {""feature"": ""Max vertical leap"", ""detail"": ""above average"", ""effect"": ""positive""}, {""feature"": ""Body fat %"", ""detail"": ""leaner than typical"", ""effect"": ""positive""}]"
Jared Butler,2021,PG,40.0,48.0,0.30573615,0.1902976641565682,47.6,"[{""feature"": ""Draft position"", ""detail"": ""later pick"", ""effect"": ""negative""}, {""feature"": ""Standing reach"", ""detail"": ""below average"", ""effect"": ""negative""}, {""feature"": ""Body fat %"", ""detail"": ""leaner than typical"", ""effect"": ""positive""}, {""feature"": ""Weight"", ""detail"": ""below average"", ""effect"": ""negative""}, {""feature"": ""Wingspan"", ""detail"": ""far below average"", ""effect"": ""positive""}]"
Justin Champagnie,2021,PF,,48.0,0.23989308,0.3530607914924408,11.0,"[{""feature"": ""Lane agility time"", ""detail"": ""slower than typical"", ""effect"": ""negative""}, {""feature"": ""Standing vertical leap"", ""detail"": ""below average"", ""effect"": ""negative""}, {""feature"": ""Body fat %"", ""detail"": ""typical body fat"", ""effect"": ""positive""}, {""feature"": ""Three-quarter sprint"", ""detail"": ""typical speed"", ""effect"": ""positive""}, {""feature"": ""Max vertical leap"", ""detail"": ""about average"", ""effect"": ""positive""}]"
Josh Christopher,2021,SG,24.0,127.0,0.2917908,0.456465162391441,82.3,"[{""feature"": ""Three-quarter sprint"", ""detail"": ""faster than typical"", ""effect"": ""negative""}, {""feature"": ""Body fat %"", ""detail"": ""leaner than typical"", ""effect"": ""positive""}, {""feature"": ""Draft position"", ""detail"": ""mid-round pick"", ""effect"": ""positive""}, {""feature"": ""Max vertical leap"", ""detail"": ""above average"", ""effect"": ""positive""}, {""feature"": ""Standing reach"", ""detail"": ""below average"", ""effect"": ""negative""}]"
Sharife Cooper,2021,PG,48.0,18.0,0.36971563,0.13004976169366625,41.6,"[{""feature"": ""Draft position"", ""detail"": ""very late pick"", ""effect"": ""negative""}, {""feature"": ""Body fat %"", ""detail"": ""typical body fat"", ""effect"": ""positive""}, {""feature"": ""Lane agility time"", ""detail"": ""typical speed"", ""effect"": ""positive""}, {""feature"": ""Standing reach"", ""detail"": ""about average"", ""effect"": ""positive""}, {""feature"": ""Three-quarter sprint"", ""detail"": ""typical speed"", ""effect"": ""negative""}]"
Cade Cunningham,2021,PG,1.0,72.0,0.99814546,0.8123562167385247,94.1,"[{""feature"": ""Draft position"", ""detail"": ""very early pick"", ""effect"": ""positive""}, {""feature"": ""Body fat %"", ""detail"": ""typical body fat"", ""effect"": ""positive""}, {""feature"": ""Lane agility time"", ""detail"": ""typical speed"", ""effect"": ""positive""}, {""feature"": ""Standing reach"", ""detail"": ""about average"", ""effect"": ""positive""}, {""feature"": ""Three-quarter sprint"", ""detail"": ""typical speed"", ""effect"": ""negative""}]"
Ayo Dosunmu,2021,SG,38.0,148.0,0.31765485,0.193439708440584,45.7,"[{""feature"": ""Draft position"", ""detail"": ""later pick"", ""effect"": ""negative""}, {""feature"": ""Body fat %"", ""detail"": ""leaner than typical"", ""effect"": ""positive""}, {""feature"": ""Standing vertical leap"", ""detail"": ""below average"", ""effect"": ""negative""}, {""feature"": ""Three-quarter sprint"", ""detail"": ""typical speed"", ""effect"": ""negative""}, {""feature"": ""Standing reach"", ""detail"": ""about average"", ""effect"": ""negative""}]"
David Duke Jr.,2021,SG,,47.0,0.3031274,0.4533381717902234,12.8,"[{""feature"": ""Three-quarter sprint"", ""detail"": ""much faster than typical"", ""effect"": ""negative""}, {""feature"": ""Max vertical leap"", ""detail"": ""above average"", ""effect"": ""positive""}, {""feature"": ""Body fat %"", ""detail"": ""leaner than typical"", ""effect"": ""positive""}, {""feature"": ""Lane agility time"", ""detail"": ""typical speed"", ""effect"": ""positive""}, {""feature"": ""Standing vertical leap"", ""detail"": ""about average"", ""effect"": ""positive""}]"
Kessler Edwards,2021,PF,44.0,87.0,0.3905745,0.23569169238322543,55.3,"[{""feature"": ""Draft position"", ""detail"": ""later pick"", ""effect"": ""negative""}, {""feature"": ""Body fat %"", ""detail"": ""leaner than typical"", ""effect"": ""positive""}, {""feature"": ""Max vertical leap"", ""detail"": ""above average"", ""effect"": ""positive""}, {""feature"": ""Standing reach"", ""detail"": ""about average"", ""effect"": ""positive""}, {""feature"": ""Lane agility time"", ""detail"": ""typical speed"", ""effect"": ""positive""}]"
Luka Garza,2021,C,52.0,61.0,0.312405,0.050262092663171075,21.4,"[{""feature"": ""Draft position"", ""detail"": ""very late pick"", ""effect"": ""negative""}, {""feature"": ""Body fat %"", ""detail"": ""higher body fat than typical"", ""effect"": ""negative""}, {""feature"": ""Standing vertical leap"", ""detail"": ""far below average"", ""effect"": ""negative""}, {""feature"": ""Three-quarter sprint"", ""detail"": ""much slower than typical"", ""effect"": ""positive""}, {""feature"": ""Lane agility time"", ""detail"": ""slower than typical"", ""effect"": ""negative""}]"
RaiQuan Gray,2021,PF,59.0,1.0,0.19970486,0.0172248510025047,15.3,"[{""feature"": ""Draft position"", ""detail"": ""very late pick"", ""effect"": ""negative""}, {""feature"": ""Body fat %"", ""detail"": ""higher body fat than typical"", ""effect"": ""negative""}, {""feature"": ""Standing vertical leap"", ""detail"": ""below average"", ""effect"": ""negative""}, {""feature"": ""Lane agility time"", ""detail"": ""typical speed"", ""effect"": ""negative""}, {""feature"": ""Weight"", ""detail"": ""far above average"", ""effect"": ""positive""}]"
Jalen Green,2021,SG,2.0,130.0,0.99755895,0.8011947552369982,94.1,"[{""feature"": ""Draft position"", ""detail"": ""very early pick"", ""effect"": ""positive""}, {""feature"": ""Body fat %"", ""detail"": ""typical body fat"", ""effect"": ""positive""}, {""feature"": ""Lane agility time"", ""detail"": ""typical speed"", ""effect"": ""positive""}, {""feature"": ""Standing reach"", ""detail"": ""about average"", ""effect"": ""positive""}, {""feature"": ""Three-quarter sprint"", ""detail"": ""typical speed"", ""effect"": ""negative""}]"
Quentin Grimes,2021,SG,25.0,123.0,0.29729098,0.45262373553106827,64.3,"[{""feature"": ""Three-quarter sprint"", ""detail"": ""much faster than typical"", ""effect"": ""negative""}, {""feature"": ""Lane agility time"", ""detail"": ""faster than typical"", ""effect"": ""positive""}, {""feature"": ""Max vertical leap"", ""detail"": ""above average"", ""effect"": ""positive""}, {""feature"": ""Standing reach"", ""detail"": ""below average"", ""effect"": ""negative""}, {""feature"": ""Draft position"", ""detail"": ""mid-round pick"", ""effect"": ""positive""}]"
Sam Hauser,2021,SF,,125.0,0.31051564,0.4325652420475101,15.4,"[{""feature"": ""Lane agility time"", ""detail"": ""faster than typical"", ""effect"": ""positive""}, {""feature"": ""Standing reach"", ""detail"": ""about average"", ""effect"": ""negative""}, {""feature"": ""Three-quarter sprint"", ""detail"": ""typical speed"", ""effect"": ""positive""}, {""feature"": ""Standing vertical leap"", ""detail"": ""about average"", ""effect"": ""negative""}, {""feature"": ""Body fat %"", ""detail"": ""typical body fat"", ""effect"": ""negative""}]"
Aaron Henry,2021,SF,,8.0,0.23034023,0.33925973376975366,9.4,"[{""feature"": ""Three-quarter sprint"", ""detail"": ""much faster than typical"", ""effect"": ""negative""}, {""feature"": ""Body fat %"", ""detail"": ""leaner than typical"", ""effect"": ""positive""}, {""feature"": ""Lane agility time"", ""detail"": ""typical speed"", ""effect"": ""negative""}, {""feature"": ""Max vertical leap"", ""detail"": ""about average"", ""effect"": ""positive""}, {""feature"": ""Draft position"", ""detail"": ""mid-round pick"", ""effect"": ""positive""}]"
Ariel Hukporti,2021,C,,0.0,0.09490589,0.23826031044065038,8.9,"[{""feature"": ""Lane agility time"", ""detail"": ""slower than typical"", ""effect"": ""negative""}, {""feature"": ""Standing reach"", ""detail"": ""far above average"", ""effect"": ""positive""}, {""feature"": ""Standing vertical leap"", ""detail"": ""far below average"", ""effect"": ""negative""}, {""feature"": ""Three-quarter sprint"", ""detail"": ""faster than typical"", ""effect"": ""negative""}, {""feature"": ""Max vertical leap"", ""detail"": ""below average"", ""effect"": ""negative""}]"
Matt Hurt,2021,PF,,0.0,0.17740045,0.2314324037087952,9.9,"[{""feature"": ""Body fat %"", ""detail"": ""higher body fat than typical"", ""effect"": ""negative""}, {""feature"": ""Standing vertical leap"", ""detail"": ""below average"", ""effect"": ""negative""}, {""feature"": ""Standing reach"", ""detail"": ""above average"", ""effect"": ""positive""}, {""feature"": ""Max vertical leap"", ""detail"": ""about average"", ""effect"": ""negative""}, {""feature"": ""Three-quarter sprint"", ""detail"": ""typical speed"", ""effect"": ""positive""}]"
Nah'Shon Hyland,2021,SG,26.0,131.0,0.3564411,0.42017437297356336,13.4,"[{""feature"": ""Lane agility time"", ""detail"": ""much faster than typical"", ""effect"": ""positive""}, {""feature"": ""Three-quarter sprint"", ""detail"": ""faster than typical"", ""effect"": ""negative""}, {""feature"": ""Body fat %"", ""detail"": ""leaner than typical"", ""effect"": ""positive""}, {""feature"": ""Standing vertical leap"", ""detail"": ""below average"", ""effect"": ""negative""}, {""feature"": ""Weight"", ""detail"": ""far below average"", ""effect"": ""negative""}]"
Isaiah Jackson,2021,C,22.0,95.0,0.47908962,0.49037000002405134,80.7,"[{""feature"": ""Draft position"", ""detail"": ""mid-round pick"", ""effect"": ""positive""}, {""feature"": ""Body fat %"", ""detail"": ""typical body fat"", ""effect"": ""positive""}, {""feature"": ""Lane agility time"", ""detail"": ""typical speed"", ""effect"": ""positive""}, {""feature"": ""Standing reach"", ""detail"": ""about average"", ""effect"": ""positive""}, {""feature"": ""Three-quarter sprint"", ""detail"": ""typical speed"", ""effect"": ""negative""}]"
David Johnson,2021,SG,47.0,5.0,0.21302675,0.10297376691135927,16.9,"[{""feature"": ""Draft position"", ""detail"": ""very late pick"", ""effect"": ""negative""}, {""feature"": ""Three-quarter sprint"", ""detail"": ""much faster than typical"", ""effect"": ""negative""}, {""feature"": ""Lane agility time"", ""detail"": ""slower than typical"", ""effect"": ""negative""}, {""feature"": ""Standing vertical leap"", ""detail"": ""above average"", ""effect"": ""positive""}, {""feature"": ""Max vertical leap"", ""detail"": ""above average"", ""effect"": ""positive""}]"
Jalen Johnson,2021,PF,20.0,97.0,0.6446036,0.6072147383270246,82.3,"[{""feature"": ""Draft position"", ""detail"": ""earlier pick"", ""effect"": ""positive""}, {""feature"": ""Body fat %"", ""detail"": ""leaner than typical"", ""effect"": ""positive""}, {""feature"": ""Standing reach"", ""detail"": ""about average"", ""effect"": ""positive""}, {""feature"": ""Lane agility time"", ""detail"": ""typical speed"", ""effect"": ""positive""}, {""feature"": ""Weight"", ""detail"": ""about average"", ""effect"": ""negative""}]"
Keon Johnson,2021,SG,21.0,79.0,0.6455938,0.7095967613476435,83.0,"[{""feature"": ""Standing vertical leap"", ""detail"": ""far above average"", ""effect"": ""positive""}, {""feature"": ""Max vertical leap"", ""detail"": ""far above average"", ""effect"": ""positive""}, {""feature"": ""Three-quarter sprint"", ""detail"": ""much faster than typical"", ""effect"": ""negative""}, {""feature"": ""Draft position"", ""detail"": ""mid-round pick"", ""effect"": ""positive""}, {""feature"": ""Standing reach"", ""detail"": ""below average"", ""effect"": ""negative""}]"
Carlik Jones,2021,PG,,18.0,0.3194452,0.4675418166369508,25.9,"[{""feature"": ""Standing reach"", ""detail"": ""below average"", ""effect"": ""negative""}, {""feature"": ""Lane agility time"", ""detail"": ""faster than typical"", ""effect"": ""positive""}, {""feature"": ""Body fat %"", ""detail"": ""leaner than typical"", ""effect"": ""positive""}, {""feature"": ""Three-quarter sprint"", ""detail"": ""faster than typical"", ""effect"": ""negative""}, {""feature"": ""Standing vertical leap"", ""detail"": ""above average"", ""effect"": ""positive""}]"
Kai Jones,2021,PF,19.0,70.0,0.66172916,0.6793359970371012,82.0,"[{""feature"": ""Draft position"", ""detail"": ""earlier pick"", ""effect"": ""positive""}, {""feature"": ""Standing reach"", ""detail"": ""above average"", ""effect"": ""positive""}, {""feature"": ""Body fat %"", ""detail"": ""leaner than typical"", ""effect"": ""positive""}, {""feature"": ""Lane agility time"", ""detail"": ""typical speed"", ""effect"": ""positive""}, {""feature"": ""Wingspan"", ""detail"": ""above average"", ""effect"": ""negative""}]"
Herbert Jones,2021,SF,35.0,141.0,0.39114302,0.37972279074428056,49.5,"[{""feature"": ""Draft position"", ""detail"": ""later pick"", ""effect"": ""negative""}, {""feature"": ""Lane agility time"", ""detail"": ""faster than typical"", ""effect"": ""positive""}, {""feature"": ""Body fat %"", ""detail"": ""leaner than typical"", ""effect"": ""positive""}, {""feature"": ""Standing reach"", ""detail"": ""about average"", ""effect"": ""positive""}, {""feature"": ""Max vertical leap"", ""detail"": ""above average"", ""effect"": ""positive""}]"
Corey Kispert,2021,SF,15.0,145.0,0.89518094,0.6716141180485347,92.5,"[{""feature"": ""Draft position"", ""detail"": ""earlier pick"", ""effect"": ""positive""}, {""feature"": ""Lane agility time"", ""detail"": ""faster than typical"", ""effect"": ""positive""}, {""feature"": ""Three-quarter sprint"", ""detail"": ""faster than typical"", ""effect"": ""negative""}, {""feature"": ""Max vertical leap"", ""detail"": ""above average"", ""effect"": ""positive""}, {""feature"": ""Standing reach"", ""detail"": ""about average"", ""effect"": ""negative""}]"
Jonathan Kuminga,2021,SF,7.0,152.0,0.98964065,0.738019968237537,94.1,"[{""feature"": ""Draft position"", ""detail"": ""very early pick"", ""effect"": ""positive""}, {""feature"": ""Body fat %"", ""detail"": ""typical body fat"", ""effect"": ""positive""}, {""feature"": ""Lane agility time"", ""detail"": ""typical speed"", ""effect"": ""positive""}, {""feature"": ""Standing reach"", ""detail"": ""about average"", ""effect"": ""positive""}, {""feature"": ""Three-quarter sprint"", ""detail"": ""typical speed"", ""effect"": ""negative""}]"
AJ Lawson,2021,SG-SF,,17.0,0.3034846,0.5052498402187208,24.1,"[{""feature"": ""Three-quarter sprint"", ""detail"": ""much faster than typical"", ""effect"": ""negative""}, {""feature"": ""Max vertical leap"", ""detail"": ""far above average"", ""effect"": ""positive""}, {""feature"": ""Body fat %"", ""detail"": ""leaner than typical"", ""effect"": ""positive""}, {""feature"": ""Lane agility time"", ""detail"": ""faster than typical"", ""effect"": ""positive""}, {""feature"": ""Standing vertical leap"", ""detail"": ""above average"", ""effect"": ""positive""}]"
Scottie Lewis,2021,SF,56.0,4.0,0.3322822,0.1688555181091166,17.5,"[{""feature"": ""Draft position"", ""detail"": ""very late pick"", ""effect"": ""negative""}, {""feature"": ""Lane agility time"", ""detail"": ""much faster than typical"", ""effect"": ""positive""}, {""feature"": ""Three-quarter sprint"", ""detail"": ""much faster than typical"", ""effect"": ""negative""}, {""feature"": ""Max vertical leap"", ""detail"": ""far above average"", ""effect"": ""positive""}, {""feature"": ""Standing vertical leap"", ""detail"": ""far above average"", ""effect"": ""positive""}]"
Isaiah Livers,2021,SF,42.0,63.0,0.351742,0.1632631922442657,55.2,"[{""feature"": ""Draft position"", ""detail"": ""later pick"", ""effect"": ""negative""}, {""feature"": ""Body fat %"", ""detail"": ""slightly higher body fat"", ""effect"": ""negative""}, {""feature"": ""Standing reach"", ""detail"": ""about average"", ""effect"": ""positive""}, {""feature"": ""Weight"", ""detail"": ""above average"", ""effect"": ""positive""}, {""feature"": ""Lane agility time"", ""detail"": ""typical speed"", ""effect"": ""positive""}]"
Makur Maker,2021,C,,0.0,0.143143,0.23182458859368393,7.6,"[{""feature"": ""Body fat %"", ""detail"": ""higher body fat than typical"", ""effect"": ""negative""}, {""feature"": ""Standing reach"", ""detail"": ""far above average"", ""effect"": ""positive""}, {""feature"": ""Lane agility time"", ""detail"": ""slower than typical"", ""effect"": ""negative""}, {""feature"": ""Standing vertical leap"", ""detail"": ""below average"", ""effect"": ""negative""}, {""feature"": ""Max vertical leap"", ""detail"": ""below average"", ""effect"": ""negative""}]"
Sandro Mamukelashvili,2021,C,54.0,89.0,0.32118627,0.09371753824673927,19.2,"[{""feature"": ""Draft position"", ""detail"": ""very late pick"", ""effect"": ""negative""}, {""feature"": ""Standing reach"", ""detail"": ""above average"", ""effect"": ""positive""}, {""feature"": ""Three-quarter sprint"", ""detail"": ""faster than typical"", ""effect"": ""negative""}, {""feature"": ""Max vertical leap"", ""detail"": ""above average"", ""effect"": ""positive""}, {""feature"": ""Lane agility time"", ""detail"": ""typical speed"", ""effect"": ""negative""}]"
Tre Mann,2021,PG,18.0,128.0,0.5731375,0.5466444737642128,86.5,"[{""feature"": ""Draft position"", ""detail"": ""earlier pick"", ""effect"": ""positive""}, {""feature"": ""Body fat %"", ""detail"": ""leaner than typical"", ""effect"": ""positive""}, {""feature"": ""Standing reach"", ""detail"": ""below average"", ""effect"": ""negative""}, {""feature"": ""Weight"", ""detail"": ""below average"", ""effect"": ""negative""}, {""feature"": ""Wingspan"", ""detail"": ""far below average"", ""effect"": ""positive""}]"
Miles McBride,2021,PG,36.0,109.0,0.328451,0.281400221757489,37.2,"[{""feature"": ""Draft position"", ""detail"": ""later pick"", ""effect"": ""negative""}, {""feature"": ""Three-quarter sprint"", ""detail"": ""faster than typical"", ""effect"": ""negative""}, {""feature"": ""Lane agility time"", ""detail"": ""faster than typical"", ""effect"": ""positive""}, {""feature"": ""Standing reach"", ""detail"": ""below average"", ""effect"": ""negative""}, {""feature"": ""Max vertical leap"", ""detail"": ""above average"", ""effect"": ""positive""}]"
Davion Mitchell,2021,PG,9.0,158.0,0.9556705,0.6407315322221336,92.6,"[{""feature"": ""Draft position"", ""detail"": ""earlier pick"", ""effect"": ""positive""}, {""feature"": ""Standing reach"", ""detail"": ""below average"", ""effect"": ""negative""}, {""feature"": ""Body fat %"", ""detail"": ""leaner than typical"", ""effect"": ""positive""}, {""feature"": ""Wingspan"", ""detail"": ""far below average"", ""effect"": ""positive""}, {""feature"": ""Weight"", ""detail"": ""below average"", ""effect"": ""negative""}]"
Evan Mobley,2021,PF,3.0,140.0,0.9967583,0.7895413855430001,94.1,"[{""feature"": ""Draft position"", ""detail"": ""very early pick"", ""effect"": ""positive""}, {""feature"": ""Body fat %"", ""detail"": ""typical body fat"", ""effect"": ""positive""}, {""feature"": ""Lane agility time"", ""detail"": ""typical speed"", ""effect"": ""positive""}, {""feature"": ""Standing reach"", ""detail"": ""about average"", ""effect"": ""positive""}, {""feature"": ""Three-quarter sprint"", ""detail"": ""typical speed"", ""effect"": ""negative""}]"
Isaiah Mobley,2021,PF,49.0,13.0,0.17306432,0.0325109993829549,30.0,"[{""feature"": ""Draft position"", ""detail"": ""very late pick"", ""effect"": ""negative""}, {""feature"": ""Lane agility time"", ""detail"": ""much slower than typical"", ""effect"": ""negative""}, {""feature"": ""Body fat %"", ""detail"": ""higher body fat than typical"", ""effect"": ""negative""}, {""feature"": ""Standing reach"", ""detail"": ""above average"", ""effect"": ""positive""}, {""feature"": ""Standing vertical leap"", ""detail"": ""below average"", ""effect"": ""negative""}]"
Moses Moody,2021,SG,14.0,131.0,0.91402966,0.6430917424636965,94.4,"[{""feature"": ""Draft position"", ""detail"": ""earlier pick"", ""effect"": ""positive""}, {""feature"": ""Standing reach"", ""detail"": ""about average"", ""effect"": ""positive""}, {""feature"": ""Body fat %"", ""detail"": ""typical body fat"", ""effect"": ""positive""}, {""feature"": ""Lane agility time"", ""detail"": ""typical speed"", ""effect"": ""positive""}, {""feature"": ""Three-quarter sprint"", ""detail"": ""typical speed"", ""effect"": ""negative""}]"
Trey Murphy III,2021,SF,17.0,137.0,0.5430351,0.6010762784942089,75.9,"[{""feature"": ""Draft position"", ""detail"": ""earlier pick"", ""effect"": ""positive""}, {""feature"": ""Standing vertical leap"", ""detail"": ""far above average"", ""effect"": ""positive""}, {""feature"": ""Three-quarter sprint"", ""detail"": ""faster than typical"", ""effect"": ""negative""}, {""feature"": ""Max vertical leap"", ""detail"": ""above average"", ""effect"": ""positive""}, {""feature"": ""Lane agility time"", ""detail"": ""typical speed"", ""effect"": ""negative""}]"
Daishen Nix,2021,PG,,74.0,0.16184318,0.19194426552057336,7.9,"[{""feature"": ""Three-quarter sprint"", ""detail"": ""much faster than typical"", ""effect"": ""negative""}, {""feature"": ""Body fat %"", ""detail"": ""higher body fat than typical"", ""effect"": ""negative""}, {""feature"": ""Standing reach"", ""detail"": ""below average"", ""effect"": ""negative""}, {""feature"": ""Lane agility time"", ""detail"": ""typical speed"", ""effect"": ""negative""}, {""feature"": ""Max vertical leap"", ""detail"": ""above average"", ""effect"": ""positive""}]"
John Petty Jr.,2021,SG,,2.0,0.29643655,0.416437427774943,14.6,"[{""feature"": ""Body fat %"", ""detail"": ""leaner than typical"", ""effect"": ""positive""}, {""feature"": ""Standing vertical leap"", ""detail"": ""below average"", ""effect"": ""negative""}, {""feature"": ""Three-quarter sprint"", ""detail"": ""typical speed"", ""effect"": ""positive""}, {""feature"": ""Weight"", ""detail"": ""below average"", ""effect"": ""negative""}, {""feature"": ""Lane agility time"", ""detail"": ""typical speed"", ""effect"": ""negative""}]"
Yves Pons,2021,PF,,16.0,0.4028941,0.702024090544414,24.7,"[{""feature"": ""Standing vertical leap"", ""detail"": ""far above average"", ""effect"": ""positive""}, {""feature"": ""Max vertical leap"", ""detail"": ""far above average"", ""effect"": ""positive""}, {""feature"": ""Lane agility time"", ""detail"": ""faster than typical"", ""effect"": ""positive""}, {""feature"": ""Body fat %"", ""detail"": ""leaner than typical"", ""effect"": ""positive""}, {""feature"": ""Three-quarter sprint"", ""detail"": ""faster than typical"", ""effect"": ""negative""}]"
Jason Preston,2021,PG,33.0,17.0,0.37537983,0.3832306593004841,62.3,"[{""feature"": ""Draft position"", ""detail"": ""later pick"", ""effect"": ""negative""}, {""feature"": ""Lane agility time"", ""detail"": ""faster than typical"", ""effect"": ""positive""}, {""feature"": ""Three-quarter sprint"", ""detail"": ""faster than typical"", ""effect"": ""negative""}, {""feature"": ""Max vertical leap"", ""detail"": ""above average"", ""effect"": ""positive""}, {""feature"": ""Body fat %"", ""detail"": ""leaner than typical"", ""effect"": ""positive""}]"
Joshua Primo,2021,SG,12.0,52.0,0.9458905,0.7426278373429939,96.0,"[{""feature"": ""Draft position"", ""detail"": ""earlier pick"", ""effect"": ""positive""}, {""feature"": ""Lane agility time"", ""detail"": ""faster than typical"", ""effect"": ""positive""}, {""feature"": ""Max vertical leap"", ""detail"": ""above average"", ""effect"": ""positive""}, {""feature"": ""Body fat %"", ""detail"": ""typical body fat"", ""effect"": ""positive""}, {""feature"": ""Three-quarter sprint"", ""detail"": ""faster than typical"", ""effect"": ""negative""}]"
Roko Prkacin,2021,PF,,0.0,0.28599614,0.4647895626768265,13.4,"[{""feature"": ""Standing reach"", ""detail"": ""above average"", ""effect"": ""positive""}, {""feature"": ""Body fat %"", ""detail"": ""typical body fat"", ""effect"": ""positive""}, {""feature"": ""Lane agility time"", ""detail"": ""typical speed"", ""effect"": ""positive""}, {""feature"": ""Draft position"", ""detail"": ""mid-round pick"", ""effect"": ""positive""}, {""feature"": ""Weight"", ""detail"": ""about average"", ""effect"": ""positive""}]"
Neemias Queta,2021,C,39.0,22.0,0.2725077,0.22110152697682084,41.0,"[{""feature"": ""Draft position"", ""detail"": ""later pick"", ""effect"": ""negative""}, {""feature"": ""Standing reach"", ""detail"": ""far above average"", ""effect"": ""positive""}, {""feature"": ""Lane agility time"", ""detail"": ""slower than typical"", ""effect"": ""negative""}, {""feature"": ""Standing vertical leap"", ""detail"": ""below average"", ""effect"": ""negative""}, {""feature"": ""Weight"", ""detail"": ""above average"", ""effect"": ""positive""}]"
Austin Reaves,2021,SG,,135.0,0.24206361,0.24173534400049912,9.1,"[{""feature"": ""Body fat %"", ""detail"": ""slightly higher body fat"", ""effect"": ""negative""}, {""feature"": ""Three-quarter sprint"", ""detail"": ""much faster than typical"", ""effect"": ""negative""}, {""feature"": ""Lane agility time"", ""detail"": ""faster than typical"", ""effect"": ""positive""}, {""feature"": ""Standing vertical leap"", ""detail"": ""below average"", ""effect"": ""negative""}, {""feature"": ""Standing reach"", ""detail"": ""below average"", ""effect"": ""negative""}]"
Jeremiah Robinson-Earl,2021,PF,32.0,93.0,0.24412513,0.23896225789435027,53.7,"[{""feature"": ""Draft position"", ""detail"": ""mid-round pick"", ""effect"": ""negative""}, {""feature"": ""Standing vertical leap"", ""detail"": ""below average"", ""effect"": ""negative""}, {""feature"": ""Body fat %"", ""detail"": ""slightly higher body fat"", ""effect"": ""negative""}, {""feature"": ""Lane agility time"", ""detail"": ""typical speed"", ""effect"": ""negative""}, {""feature"": ""Standing reach"", ""detail"": ""about average"", ""effect"": ""positive""}]"
Day'Ron Sharpe,2021,C,29.0,75.0,0.32577696,0.368226928279169,55.4,"[{""feature"": ""Draft position"", ""detail"": ""mid-round pick"", ""effect"": ""negative""}, {""feature"": ""Body fat %"", ""detail"": ""typical body fat"", ""effect"": ""positive""}, {""feature"": ""Lane agility time"", ""detail"": ""typical speed"", ""effect"": ""positive""}, {""feature"": ""Standing reach"", ""detail"": ""about average"", ""effect"": ""positive""}, {""feature"": ""Three-quarter sprint"", ""detail"": ""typical speed"", ""effect"": ""negative""}]"
Jericho Sims,2021,C,58.0,91.0,0.29844347,0.14837997910242867,15.3,"[{""feature"": ""Draft position"", ""detail"": ""very late pick"", ""effect"": ""negative""}, {""feature"": ""Standing vertical leap"", ""detail"": ""far above average"", ""effect"": ""positive""}, {""feature"": ""Max vertical leap"", ""detail"": ""far above average"", ""effect"": ""positive""}, {""feature"": ""Three-quarter sprint"", ""detail"": ""much faster than typical"", ""effect"": ""negative""}, {""feature"": ""Body fat %"", ""detail"": ""leaner than typical"", ""effect"": ""positive""}]"
Jaden Springer,2021,SG,28.0,31.0,0.30297333,0.44334008343077963,43.0,"[{""feature"": ""Standing vertical leap"", ""detail"": ""far above average"", ""effect"": ""positive""}, {""feature"": ""Max vertical leap"", ""detail"": ""far above average"", ""effect"": ""positive""}, {""feature"": ""Standing reach"", ""detail"": ""below average"", ""effect"": ""negative""}, {""feature"": ""Three-quarter sprint"", ""detail"": ""faster than typical"", ""effect"": ""negative""}, {""feature"": ""Body fat %"", ""detail"": ""typical body fat"", ""effect"": ""positive""}]"
DJ Steward,2021,PG,,1.0,0.32779485,0.4793169682553315,22.6,"[{""feature"": ""Standing vertical leap"", ""detail"": ""far above average"", ""effect"": ""positive""}, {""feature"": ""Three-quarter sprint"", ""detail"": ""much faster than typical"", ""effect"": ""negative""}, {""feature"": ""Standing reach"", ""detail"": ""below average"", ""effect"": ""negative""}, {""feature"": ""Body fat %"", ""detail"": ""leaner than typical"", ""effect"": ""positive""}, {""feature"": ""Max vertical leap"", ""detail"": ""above average"", ""effect"": ""positive""}]"
Cam Thomas,2021,SG,27.0,118.0,0.3085077,0.40212936751363043,55.4,"[{""feature"": ""Body fat %"", ""detail"": ""typical body fat"", ""effect"": ""positive""}, {""feature"": ""Draft position"", ""detail"": ""mid-round pick"", ""effect"": ""negative""}, {""feature"": ""Lane agility time"", ""detail"": ""typical speed"", ""effect"": ""positive""}, {""feature"": ""Standing reach"", ""detail"": ""about average"", ""effect"": ""positive""}, {""feature"": ""Three-quarter sprint"", ""detail"": ""typical speed"", ""effect"": ""negative""}]"
JT Thor,2021,PF,37.0,103.0,0.22392793,0.20278103826682684,28.5,"[{""feature"": ""Draft position"", ""detail"": ""later pick"", ""effect"": ""negative""}, {""feature"": ""Lane agility time"", ""detail"": ""slower than typical"", ""effect"": ""negative""}, {""feature"": ""Standing reach"", ""detail"": ""above average"", ""effect"": ""positive""}, {""feature"": ""Three-quarter sprint"", ""detail"": ""much faster than typical"", ""effect"": ""negative""}, {""feature"": ""Standing vertical leap"", ""detail"": ""above average"", ""effect"": ""positive""}]"
Isaiah Todd,2021,PF,31.0,21.0,0.34555492,0.41850074222425504,50.6,"[{""feature"": ""Draft position"", ""detail"": ""mid-round pick"", ""effect"": ""negative""}, {""feature"": ""Standing reach"", ""detail"": ""above average"", ""effect"": ""positive""}, {""feature"": ""Body fat %"", ""detail"": ""leaner than typical"", ""effect"": ""positive""}, {""feature"": ""Max vertical leap"", ""detail"": ""about average"", ""effect"": ""positive""}, {""feature"": ""Lane agility time"", ""detail"": ""typical speed"", ""effect"": ""positive""}]"
Duane Washington Jr.,2021,SG,,79.0,0.2583186,0.3909980193973049,13.3,"[{""feature"": ""Body fat %"", ""detail"": ""leaner than typical"", ""effect"": ""positive""}, {""feature"": ""Three-quarter sprint"", ""detail"": ""faster than typical"", ""effect"": ""negative""}, {""feature"": ""Standing reach"", ""detail"": ""below average"", ""effect"": ""negative""}, {""feature"": ""Max vertical leap"", ""detail"": ""about average"", ""effect"": ""positive""}, {""feature"": ""Weight"", ""detail"": ""below average"", ""effect"": ""negative""}]"
Trendon Watford,2021,PF,,110.0,0.2193275,0.3168169477767827,10.3,"[{""feature"": ""Body fat %"", ""detail"": ""slightly higher body fat"", ""effect"": ""negative""}, {""feature"": ""Lane agility time"", ""detail"": ""typical speed"", ""effect"": ""negative""}, {""feature"": ""Standing reach"", ""detail"": ""about average"", ""effect"": ""positive""}, {""feature"": ""Standing vertical leap"", ""detail"": ""about average"", ""effect"": ""negative""}, {""feature"": ""Weight"", ""detail"": ""above average"", ""effect"": ""positive""}]"
Joe Wieskamp,2021,SF,41.0,37.0,0.36688352,0.3395726477151648,51.5,"[{""feature"": ""Draft position"", ""detail"": ""later pick"", ""effect"": ""negative""}, {""feature"": ""Lane agility time"", ""detail"": ""faster than typical"", ""effect"": ""positive""}, {""feature"": ""Max vertical leap"", ""detail"": ""far above average"", ""effect"": ""positive""}, {""feature"": ""Three-quarter sprint"", ""detail"": ""much faster than typical"", ""effect"": ""negative""}, {""feature"": ""Body fat %"", ""detail"": ""leaner than typical"", ""effect"": ""positive""}]"
Aaron Wiggins,2021,SG-SF,55.0,124.0,0.2836657,0.08207670063787649,19.0,"[{""feature"": ""Draft position"", ""detail"": ""very late pick"", ""effect"": ""negative""}, {""feature"": ""Three-quarter sprint"", ""detail"": ""much faster than typical"", ""effect"": ""negative""}, {""feature"": ""Body fat %"", ""detail"": ""leaner than typical"", ""effect"": ""positive""}, {""feature"": ""Lane agility time"", ""detail"": ""typical speed"", ""effect"": ""positive""}, {""feature"": ""Max vertical leap"", ""detail"": ""above average"", ""effect"": ""positive""}]"
Ziaire Williams,2021,SF,10.0,105.0,0.9770081,0.8752577664732027,95.5,"[{""feature"": ""Draft position"", ""detail"": ""earlier pick"", ""effect"": ""positive""}, {""feature"": ""Lane agility time"", ""detail"": ""faster than typical"", ""effect"": ""positive""}, {""feature"": ""Standing vertical leap"", ""detail"": ""far above average"", ""effect"": ""positive""}, {""feature"": ""Body fat %"", ""detail"": ""leaner than typical"", ""effect"": ""positive""}, {""feature"": ""Max vertical leap"", ""detail"": ""far above average"", ""effect"": ""positive""}]"
Moses Wright,2021,PF,,8.0,0.3179929,0.5682111536293202,16.2,"[{""feature"": ""Three-quarter sprint"", ""detail"": ""faster than typical"", ""effect"": ""negative""}, {""feature"": ""Body fat %"", ""detail"": ""leaner than typical"", ""effect"": ""positive""}, {""feature"": ""Standing reach"", ""detail"": ""above average"", ""effect"": ""positive""}, {""feature"": ""Max vertical leap"", ""detail"": ""above average"", ""effect"": ""positive""}, {""feature"": ""Lane agility time"", ""detail"": ""typical speed"", ""effect"": ""positive""}]"
McKinley Wright IV,2021,PG,,32.0,0.297883,0.40207986055998957,11.2,"[{""feature"": ""Standing reach"", ""detail"": ""far below average"", ""effect"": ""negative""}, {""feature"": ""Lane agility time"", ""detail"": ""faster than typical"", ""effect"": ""positive""}, {""feature"": ""Three-quarter sprint"", ""detail"": ""much faster than typical"", ""effect"": ""negative""}, {""feature"": ""Max vertical leap"", ""detail"": ""above average"", ""effect"": ""positive""}, {""feature"": ""Standing vertical leap"", ""detail"": ""above average"", ""effect"": ""positive""}]"
Marcus Zegarowski,2021,PG,49.0,0.0,0.21788506,0.06791726830405512,30.4,"[{""feature"": ""Draft position"", ""detail"": ""very late pick"", ""effect"": ""negative""}, {""feature"": ""Standing reach"", ""detail"": ""far below average"", ""effect"": ""negative""}, {""feature"": ""Three-quarter sprint"", ""detail"": ""faster than typical"", ""effect"": ""negative""}, {""feature"": ""Weight"", ""detail"": ""below average"", ""effect"": ""negative""}, {""feature"": ""Max vertical leap"", ""detail"": ""about average"", ""effect"": ""positive""}]"
Ochai Agbaji,2022,SG,14.0,58.0,0.9464494,0.7877074992729909,96.4,"[{""feature"": ""Draft position"", ""detail"": ""earlier pick"", ""effect"": ""positive""}, {""feature"": ""Lane agility time"", ""detail"": ""faster than typical"", ""effect"": ""positive""}, {""feature"": ""Three-quarter sprint"", ""detail"": ""faster than typical"", ""effect"": ""negative""}, {""feature"": ""Max vertical leap"", ""detail"": ""above average"", ""effect"": ""positive""}, {""feature"": ""Body fat %"", ""detail"": ""leaner than typical"", ""effect"": ""positive""}]"
Patrick Baldwin Jr.,2022,SF,28.0,36.0,0.12443362,0.2162356175427934,14.7,"[{""feature"": ""Lane agility time"", ""detail"": ""slower than typical"", ""effect"": ""negative""}, {""feature"": ""Standing reach"", ""detail"": ""above average"", ""effect"": ""positive""}, {""feature"": ""Standing vertical leap"", ""detail"": ""far below average"", ""effect"": ""negative""}, {""feature"": ""Max vertical leap"", ""detail"": ""far below average"", ""effect"": ""negative""}, {""feature"": ""Three-quarter sprint"", ""detail"": ""slower than typical"", ""effect"": ""positive""}]"
Paolo Banchero,2022,PF,1.0,71.0,0.99814546,0.8123562167385247,94.1,"[{""feature"": ""Draft position"", ""detail"": ""very early pick"", ""effect"": ""positive""}, {""feature"": ""Body fat %"", ""detail"": ""typical body fat"", ""effect"": ""positive""}, {""feature"": ""Lane agility time"", ""detail"": ""typical speed"", ""effect"": ""positive""}, {""feature"": ""Standing reach"", ""detail"": ""about average"", ""effect"": ""positive""}, {""feature"": ""Three-quarter sprint"", ""detail"": ""typical speed"", ""effect"": ""negative""}]"
Dominick Barlow,2022,PF,,28.0,0.2809495,0.5310390674482789,12.1,"[{""feature"": ""Standing reach"", ""detail"": ""above average"", ""effect"": ""positive""}, {""feature"": ""Body fat %"", ""detail"": ""leaner than typical"", ""effect"": ""positive""}, {""feature"": ""Lane agility time"", ""detail"": ""typical speed"", ""effect"": ""positive""}, {""feature"": ""Three-quarter sprint"", ""detail"": ""typical speed"", ""effect"": ""positive""}, {""feature"": ""Standing vertical leap"", ""detail"": ""about average"", ""effect"": ""negative""}]"
MarJon Beauchamp,2022,SG,24.0,54.0,0.36677173,0.5104619749834166,82.0,"[{""feature"": ""Body fat %"", ""detail"": ""leaner than typical"", ""effect"": ""positive""}, {""feature"": ""Draft position"", ""detail"": ""mid-round pick"", ""effect"": ""positive""}, {""feature"": ""Standing reach"", ""detail"": ""about average"", ""effect"": ""positive""}, {""feature"": ""Weight"", ""detail"": ""below average"", ""effect"": ""negative""}, {""feature"": ""Lane agility time"", ""detail"": ""typical speed"", ""effect"": ""positive""}]"
Hugo Besson,2022,SG,58.0,0.0,0.32424212,0.04039025169474341,39.9,"[{""feature"": ""Draft position"", ""detail"": ""very late pick"", ""effect"": ""negative""}, {""feature"": ""Standing vertical leap"", ""detail"": ""far below average"", ""effect"": ""negative""}, {""feature"": ""Three-quarter sprint"", ""detail"": ""slower than typical"", ""effect"": ""positive""}, {""feature"": ""Body fat %"", ""detail"": ""typical body fat"", ""effect"": ""negative""}, {""feature"": ""Max vertical leap"", ""detail"": ""below average"", ""effect"": ""negative""}]"
Malaki Branham,2022,SG,20.0,63.0,0.49633044,0.49148763414864205,79.4,"[{""feature"": ""Draft position"", ""detail"": ""earlier pick"", ""effect"": ""positive""}, {""feature"": ""Three-quarter sprint"", ""detail"": ""faster than typical"", ""effect"": ""negative""}, {""feature"": ""Body fat %"", ""detail"": ""leaner than typical"", ""effect"": ""positive""}, {""feature"": ""Standing reach"", ""detail"": ""about average"", ""effect"": ""negative""}, {""feature"": ""Weight"", ""detail"": ""below average"", ""effect"": ""negative""}]"
Christian Braun,2022,SG,21.0,91.0,0.731526,0.6288875988453526,84.0,"[{""feature"": ""Draft position"", ""detail"": ""mid-round pick"", ""effect"": ""positive""}, {""feature"": ""Standing vertical leap"", ""detail"": ""above average"", ""effect"": ""positive""}, {""feature"": ""Lane agility time"", ""detail"": ""faster than typical"", ""effect"": ""positive""}, {""feature"": ""Max vertical leap"", ""detail"": ""far above average"", ""effect"": ""positive""}, {""feature"": ""Standing reach"", ""detail"": ""below average"", ""effect"": ""negative""}]"
Kendall Brown,2022,SF,48.0,10.0,0.35667604,0.20084123337206497,45.6,"[{""feature"": ""Draft position"", ""detail"": ""very late pick"", ""effect"": ""negative""}, {""feature"": ""Max vertical leap"", ""detail"": ""far above average"", ""effect"": ""positive""}, {""feature"": ""Body fat %"", ""detail"": ""leaner than typical"", ""effect"": ""positive""}, {""feature"": ""Standing vertical leap"", ""detail"": ""above average"", ""effect"": ""positive""}, {""feature"": ""Lane agility time"", ""detail"": ""typical speed"", ""effect"": ""negative""}]"
John Butler Jr.,2022,PF,,19.0,0.27009672,0.5030094776858809,22.9,"[{""feature"": ""Standing reach"", ""detail"": ""far above average"", ""effect"": ""positive""}, {""feature"": ""Body fat %"", ""detail"": ""leaner than typical"", ""effect"": ""positive""}, {""feature"": ""Max vertical leap"", ""detail"": ""far below average"", ""effect"": ""negative""}, {""feature"": ""Lane agility time"", ""detail"": ""faster than typical"", ""effect"": ""positive""}, {""feature"": ""Standing vertical leap"", ""detail"": ""below average"", ""effect"": ""negative""}]"
Julian Champagnie,2022,SF,,17.0,0.268847,0.4050687738047958,11.9,"[{""feature"": ""Three-quarter sprint"", ""detail"": ""faster than typical"", ""effect"": ""negative""}, {""feature"": ""Standing reach"", ""detail"": ""above average"", ""effect"": ""positive""}, {""feature"": ""Body fat %"", ""detail"": ""typical body fat"", ""effect"": ""positive""}, {""feature"": ""Standing vertical leap"", ""detail"": ""about average"", ""effect"": ""negative""}, {""feature"": ""Lane agility time"", ""detail"": ""typical speed"", ""effect"": ""positive""}]"
Kennedy Chandler,2022,PG,38.0,34.0,0.3623761,0.3870933919091036,66.1,"[{""feature"": ""Draft position"", ""detail"": ""later pick"", ""effect"": ""negative""}, {""feature"": ""Lane agility time"", ""detail"": ""faster than typical"", ""effect"": ""positive""}, {""feature"": ""Standing reach"", ""detail"": ""below average"", ""effect"": ""negative""}, {""feature"": ""Max vertical leap"", ""detail"": ""far above average"", ""effect"": ""positive""}, {""feature"": ""Body fat %"", ""detail"": ""leaner than typical"", ""effect"": ""positive""}]"
Max Christie,2022,SG,35.0,48.0,0.36470756,0.3857614557868674,57.3,"[{""feature"": ""Draft position"", ""detail"": ""later pick"", ""effect"": ""negative""}, {""feature"": ""Lane agility time"", ""detail"": ""faster than typical"", ""effect"": ""positive""}, {""feature"": ""Three-quarter sprint"", ""detail"": ""much faster than typical"", ""effect"": ""negative""}, {""feature"": ""Body fat %"", ""detail"": ""leaner than typical"", ""effect"": ""positive""}, {""feature"": ""Standing vertical leap"", ""detail"": ""above average"", ""effect"": ""positive""}]"
Kofi Cockburn,2022,C,,0.0,0.21061914,0.4120114330402751,8.5,"[{""feature"": ""Lane agility time"", ""detail"": ""slower than typical"", ""effect"": ""negative""}, {""feature"": ""Standing reach"", ""detail"": ""above average"", ""effect"": ""positive""}, {""feature"": ""Weight"", ""detail"": ""far above average"", ""effect"": ""positive""}, {""feature"": ""Max vertical leap"", ""detail"": ""about average"", ""effect"": ""negative""}, {""feature"": ""Body fat %"", ""detail"": ""typical body fat"", ""effect"": ""negative""}]"
Dyson Daniels,2022,SG,8.0,60.0,0.98917586,0.8119750762990582,94.8,"[{""feature"": ""Draft position"", ""detail"": ""very early pick"", ""effect"": ""positive""}, {""feature"": ""Lane agility time"", ""detail"": ""faster than typical"", ""effect"": ""positive""}, {""feature"": ""Body fat %"", ""detail"": ""leaner than typical"", ""effect"": ""positive""}, {""feature"": ""Three-quarter sprint"", ""detail"": ""faster than typical"", ""effect"": ""negative""}, {""feature"": ""Standing reach"", ""detail"": ""about average"", ""effect"": ""positive""}]"
Johnny Davis,2022,PG,10.0,27.0,0.9675405,0.6887257663643853,94.6,"[{""feature"": ""Draft position"", ""detail"": ""earlier pick"", ""effect"": ""positive""}, {""feature"": ""Body fat %"", ""detail"": ""typical body fat"", ""effect"": ""positive""}, {""feature"": ""Weight"", ""detail"": ""below average"", ""effect"": ""negative""}, {""feature"": ""Lane agility time"", ""detail"": ""typical speed"", ""effect"": ""positive""}, {""feature"": ""Three-quarter sprint"", ""detail"": ""typical speed"", ""effect"": ""negative""}]"
JD Davison,2022,PG,53.0,13.0,0.3010627,0.08202244183750192,18.0,"[{""feature"": ""Draft position"", ""detail"": ""very late pick"", ""effect"": ""negative""}, {""feature"": ""Standing reach"", ""detail"": ""below average"", ""effect"": ""negative""}, {""feature"": ""Max vertical leap"", ""detail"": ""above average"", ""effect"": ""positive""}, {""feature"": ""Weight"", ""detail"": ""below average"", ""effect"": ""negative""}, {""feature"": ""Standing vertical leap"", ""detail"": ""about average"", ""effect"": ""positive""}]"
Darius Days,2022,SF-PF,,6.0,0.3019397,0.4194612521652397,13.4,"[{""feature"": ""Body fat %"", ""detail"": ""typical body fat"", ""effect"": ""positive""}, {""feature"": ""Lane agility time"", ""detail"": ""typical speed"", ""effect"": ""positive""}, {""feature"": ""Draft position"", ""detail"": ""mid-round pick"", ""effect"": ""positive""}, {""feature"": ""Standing reach"", ""detail"": ""about average"", ""effect"": ""positive""}, {""feature"": ""Three-quarter sprint"", ""detail"": ""typical speed"", ""effect"": ""negative""}]"
Moussa Diabate,2022,C,43.0,25.0,0.39391086,0.35467567089510926,51.4,"[{""feature"": ""Draft position"", ""detail"": ""later pick"", ""effect"": ""negative""}, {""feature"": ""Body fat %"", ""detail"": ""much leaner than typical"", ""effect"": ""positive""}, {""feature"": ""Standing reach"", ""detail"": ""above average"", ""effect"": ""positive""}, {""feature"": ""Lane agility time"", ""detail"": ""faster than typical"", ""effect"": ""positive""}, {""feature"": ""Max vertical leap"", ""detail"": ""above average"", ""effect"": ""positive""}]"
Ousmane Dieng,2022,SF,11.0,41.0,0.96647745,0.6790135049629279,94.1,"[{""feature"": ""Draft position"", ""detail"": ""earlier pick"", ""effect"": ""positive""}, {""feature"": ""Body fat %"", ""detail"": ""typical body fat"", ""effect"": ""positive""}, {""feature"": ""Lane agility time"", ""detail"": ""typical speed"", ""effect"": ""positive""}, {""feature"": ""Standing reach"", ""detail"": ""about average"", ""effect"": ""positive""}, {""feature"": ""Three-quarter sprint"", ""detail"": ""typical speed"", ""effect"": ""negative""}]"
Khalifa Diop,2022,C,39.0,0.0,0.37257254,0.22166626842649279,53.5,"[{""feature"": ""Draft position"", ""detail"": ""later pick"", ""effect"": ""negative""}, {""feature"": ""Body fat %"", ""detail"": ""typical body fat"", ""effect"": ""positive""}, {""feature"": ""Lane agility time"", ""detail"": ""typical speed"", ""effect"": ""positive""}, {""feature"": ""Standing reach"", ""detail"": ""about average"", ""effect"": ""positive""}, {""feature"": ""Three-quarter sprint"", ""detail"": ""typical speed"", ""effect"": ""negative""}]"
Jalen Duren,2022,C,13.0,58.0,0.939309,0.6470304699625168,94.1,"[{""feature"": ""Draft position"", ""detail"": ""earlier pick"", ""effect"": ""positive""}, {""feature"": ""Body fat %"", ""detail"": ""typical body fat"", ""effect"": ""positive""}, {""feature"": ""Lane agility time"", ""detail"": ""typical speed"", ""effect"": ""positive""}, {""feature"": ""Standing reach"", ""detail"": ""about average"", ""effect"": ""positive""}, {""feature"": ""Three-quarter sprint"", ""detail"": ""typical speed"", ""effect"": ""negative""}]"
Tari Eason,2022,PF,17.0,76.0,0.8150656,0.6468637699316404,84.5,"[{""feature"": ""Draft position"", ""detail"": ""earlier pick"", ""effect"": ""positive""}, {""feature"": ""Standing reach"", ""detail"": ""above average"", ""effect"": ""positive""}, {""feature"": ""Body fat %"", ""detail"": ""leaner than typical"", ""effect"": ""positive""}, {""feature"": ""Lane agility time"", ""detail"": ""typical speed"", ""effect"": ""positive""}, {""feature"": ""Wingspan"", ""detail"": ""above average"", ""effect"": ""negative""}]"
Keon Ellis,2022,SG,,19.0,0.36432582,0.4940659611321557,18.6,"[{""feature"": ""Body fat %"", ""detail"": ""leaner than typical"", ""effect"": ""positive""}, {""feature"": ""Lane agility time"", ""detail"": ""faster than typical"", ""effect"": ""positive""}, {""feature"": ""Three-quarter sprint"", ""detail"": ""faster than typical"", ""effect"": ""negative""}, {""feature"": ""Weight"", ""detail"": ""far below average"", ""effect"": ""negative""}, {""feature"": ""Standing reach"", ""detail"": ""about average"", ""effect"": ""negative""}]"
Michael Foster Jr.,2022,C,,3.0,0.22389106,0.4534943175609247,14.1,"[{""feature"": ""Standing reach"", ""detail"": ""above average"", ""effect"": ""positive""}, {""feature"": ""Body fat %"", ""detail"": ""leaner than typical"", ""effect"": ""positive""}, {""feature"": ""Three-quarter sprint"", ""detail"": ""faster than typical"", ""effect"": ""negative""}, {""feature"": ""Standing vertical leap"", ""detail"": ""about average"", ""effect"": ""negative""}, {""feature"": ""Max vertical leap"", ""detail"": ""about average"", ""effect"": ""negative""}]"
Collin Gillespie,2022,PG,,0.0,0.2547921,0.30031103681610044,9.4,"[{""feature"": ""Lane agility time"", ""detail"": ""faster than typical"", ""effect"": ""positive""}, {""feature"": ""Standing reach"", ""detail"": ""below average"", ""effect"": ""negative""}, {""feature"": ""Standing vertical leap"", ""detail"": ""below average"", ""effect"": ""negative""}, {""feature"": ""Three-quarter sprint"", ""detail"": ""faster than typical"", ""effect"": ""negative""}, {""feature"": ""Body fat %"", ""detail"": ""typical body fat"", ""effect"": ""negative""}]"
AJ Griffin,2022,SF,16.0,69.0,0.8573795,0.5965634017789798,82.1,"[{""feature"": ""Draft position"", ""detail"": ""earlier pick"", ""effect"": ""positive""}, {""feature"": ""Body fat %"", ""detail"": ""typical body fat"", ""effect"": ""positive""}, {""feature"": ""Lane agility time"", ""detail"": ""typical speed"", ""effect"": ""positive""}, {""feature"": ""Standing reach"", ""detail"": ""about average"", ""effect"": ""positive""}, {""feature"": ""Three-quarter sprint"", ""detail"": ""typical speed"", ""effect"": ""negative""}]"
Jaden Hardy,2022,SG,37.0,45.0,0.37011796,0.24735816383790077,53.5,"[{""feature"": ""Draft position"", ""detail"": ""later pick"", ""effect"": ""negative""}, {""feature"": ""Body fat %"", ""detail"": ""typical body fat"", ""effect"": ""positive""}, {""feature"": ""Lane agility time"", ""detail"": ""typical speed"", ""effect"": ""positive""}, {""feature"": ""Standing reach"", ""detail"": ""about average"", ""effect"": ""positive""}, {""feature"": ""Three-quarter sprint"", ""detail"": ""typical speed"", ""effect"": ""negative""}]"
Ron Harper Jr.,2022,SF,,10.0,0.16403276,0.24772616476567627,11.1,"[{""feature"": ""Body fat %"", ""detail"": ""higher body fat than typical"", ""effect"": ""negative""}, {""feature"": ""Standing vertical leap"", ""detail"": ""below average"", ""effect"": ""negative""}, {""feature"": ""Max vertical leap"", ""detail"": ""below average"", ""effect"": ""negative""}, {""feature"": ""Three-quarter sprint"", ""detail"": ""slower than typical"", ""effect"": ""positive""}, {""feature"": ""Standing reach"", ""detail"": ""about average"", ""effect"": ""positive""}]"
Chet Holmgren,2022,PF,2.0,0.0,0.99755895,0.8011947552369982,94.1,"[{""feature"": ""Draft position"", ""detail"": ""very early pick"", ""effect"": ""positive""}, {""feature"": ""Body fat %"", ""detail"": ""typical body fat"", ""effect"": ""positive""}, {""feature"": ""Lane agility time"", ""detail"": ""typical speed"", ""effect"": ""positive""}, {""feature"": ""Standing reach"", ""detail"": ""about average"", ""effect"": ""positive""}, {""feature"": ""Three-quarter sprint"", ""detail"": ""typical speed"", ""effect"": ""negative""}]"
Harrison Ingram,2022,SF,,0.0,0.25421754,0.35548580851507144,11.8,"[{""feature"": ""Lane agility time"", ""detail"": ""slower than typical"", ""effect"": ""negative""}, {""feature"": ""Body fat %"", ""detail"": ""typical body fat"", ""effect"": ""negative""}, {""feature"": ""Max vertical leap"", ""detail"": ""about average"", ""effect"": ""positive""}, {""feature"": ""Weight"", ""detail"": ""above average"", ""effect"": ""positive""}, {""feature"": ""Three-quarter sprint"", ""detail"": ""typical speed"", ""effect"": ""positive""}]"
Jaden Ivey,2022,PG,5.0,66.0,0.99424654,0.764755883866828,94.1,"[{""feature"": ""Draft position"", ""detail"": ""very early pick"", ""effect"": ""positive""}, {""feature"": ""Body fat %"", ""detail"": ""typical body fat"", ""effect"": ""positive""}, {""feature"": ""Lane agility time"", ""detail"": ""typical speed"", ""effect"": ""positive""}, {""feature"": ""Standing reach"", ""detail"": ""about average"", ""effect"": ""positive""}, {""feature"": ""Three-quarter sprint"", ""detail"": ""typical speed"", ""effect"": ""negative""}]"
Nikola Jovic,2022,SF,27.0,26.0,0.26640552,0.45287084491653307,48.1,"[{""feature"": ""Standing reach"", ""detail"": ""above average"", ""effect"": ""positive""}, {""feature"": ""Draft position"", ""detail"": ""mid-round pick"", ""effect"": ""negative""}, {""feature"": ""Lane agility time"", ""detail"": ""typical speed"", ""effect"": ""positive""}, {""feature"": ""Three-quarter sprint"", ""detail"": ""typical speed"", ""effect"": ""negative""}, {""feature"": ""Bench press reps"", ""detail"": ""about average"", ""effect"": ""negative""}]"
Johnny Juzang,2022,SG,,18.0,0.28423882,0.40197829375272287,12.4,"[{""feature"": ""Lane agility time"", ""detail"": ""faster than typical"", ""effect"": ""positive""}, {""feature"": ""Standing vertical leap"", ""detail"": ""below average"", ""effect"": ""negative""}, {""feature"": ""Max vertical leap"", ""detail"": ""about average"", ""effect"": ""negative""}, {""feature"": ""Standing reach"", ""detail"": ""about average"", ""effect"": ""negative""}, {""feature"": ""Draft position"", ""detail"": ""mid-round pick"", ""effect"": ""positive""}]"
Ismael Kamagate,2022,PF,46.0,0.0,0.37034974,0.1471302565185212,49.4,"[{""feature"": ""Draft position"", ""detail"": ""very late pick"", ""effect"": ""negative""}, {""feature"": ""Body fat %"", ""detail"": ""typical body fat"", ""effect"": ""positive""}, {""feature"": ""Lane agility time"", ""detail"": ""typical speed"", ""effect"": ""positive""}, {""feature"": ""Standing reach"", ""detail"": ""about average"", ""effect"": ""positive""}, {""feature"": ""Three-quarter sprint"", ""detail"": ""typical speed"", ""effect"": ""negative""}]"
Trevor Keels,2022,SG,42.0,3.0,0.23062092,0.0661826012395898,43.9,"[{""feature"": ""Draft position"", ""detail"": ""later pick"", ""effect"": ""negative""}, {""feature"": ""Body fat %"", ""detail"": ""higher body fat than typical"", ""effect"": ""negative""}, {""feature"": ""Standing vertical leap"", ""detail"": ""far below average"", ""effect"": ""negative""}, {""feature"": ""Max vertical leap"", ""detail"": ""below average"", ""effect"": ""negative""}, {""feature"": ""Standing reach"", ""detail"": ""below average"", ""effect"": ""negative""}]"
Walker Kessler,2022,C,22.0,73.0,0.25832567,0.43546118118836585,79.8,"[{""feature"": ""Body fat %"", ""detail"": ""higher body fat than typical"", ""effect"": ""negative""}, {""feature"": ""Standing reach"", ""detail"": ""far above average"", ""effect"": ""positive""}, {""feature"": ""Draft position"", ""detail"": ""mid-round pick"", ""effect"": ""positive""}, {""feature"": ""Weight"", ""detail"": ""above average"", ""effect"": ""positive""}, {""feature"": ""Wingspan"", ""detail"": ""above average"", ""effect"": ""negative""}]"
Christian Koloko,2022,C,33.0,56.0,0.28056124,0.43085844754317365,55.5,"[{""feature"": ""Standing reach"", ""detail"": ""far above average"", ""effect"": ""positive""}, {""feature"": ""Draft position"", ""detail"": ""later pick"", ""effect"": ""negative""}, {""feature"": ""Body fat %"", ""detail"": ""leaner than typical"", ""effect"": ""positive""}, {""feature"": ""Lane agility time"", ""detail"": ""typical speed"", ""effect"": ""positive""}, {""feature"": ""Standing vertical leap"", ""detail"": ""about average"", ""effect"": ""negative""}]"
Jake LaRavia,2022,PF,19.0,33.0,0.7956737,0.636898838503063,83.8,"[{""feature"": ""Lane agility time"", ""detail"": ""much faster than typical"", ""effect"": ""positive""}, {""feature"": ""Draft position"", ""detail"": ""earlier pick"", ""effect"": ""positive""}, {""feature"": ""Body fat %"", ""detail"": ""slightly higher body fat"", ""effect"": ""negative""}, {""feature"": ""Three-quarter sprint"", ""detail"": ""slower than typical"", ""effect"": ""positive""}, {""feature"": ""Standing vertical leap"", ""detail"": ""below average"", ""effect"": ""negative""}]"
Justin Lewis,2022,PF,,0.0,0.31617498,0.4746447806630617,12.7,"[{""feature"": ""Standing vertical leap"", ""detail"": ""above average"", ""effect"": ""positive""}, {""feature"": ""Standing reach"", ""detail"": ""about average"", ""effect"": ""positive""}, {""feature"": ""Three-quarter sprint"", ""detail"": ""typical speed"", ""effect"": ""negative""}, {""feature"": ""Weight"", ""detail"": ""above average"", ""effect"": ""positive""}, {""feature"": ""Max vertical leap"", ""detail"": ""about average"", ""effect"": ""positive""}]"
E.J. Liddell,2022,PF,41.0,0.0,0.2570155,0.24710377849010656,74.0,"[{""feature"": ""Draft position"", ""detail"": ""later pick"", ""effect"": ""negative""}, {""feature"": ""Body fat %"", ""detail"": ""higher body fat than typical"", ""effect"": ""negative""}, {""feature"": ""Standing vertical leap"", ""detail"": ""far above average"", ""effect"": ""positive""}, {""feature"": ""Lane agility time"", ""detail"": ""faster than typical"", ""effect"": ""positive""}, {""feature"": ""Max vertical leap"", ""detail"": ""above average"", ""effect"": ""positive""}]"
Kenneth Lofton Jr.,2022,PF-C,,26.0,0.3019397,0.4194612521652397,13.4,"[{""feature"": ""Body fat %"", ""detail"": ""typical body fat"", ""effect"": ""positive""}, {""feature"": ""Lane agility time"", ""detail"": ""typical speed"", ""effect"": ""positive""}, {""feature"": ""Draft position"", ""detail"": ""mid-round pick"", ""effect"": ""positive""}, {""feature"": ""Standing reach"", ""detail"": ""about average"", ""effect"": ""positive""}, {""feature"": ""Three-quarter sprint"", ""detail"": ""typical speed"", ""effect"": ""negative""}]"
Tyrese Martin,2022,SG-SF,51.0,17.0,0.36622313,0.10761243453258354,29.6,"[{""feature"": ""Draft position"", ""detail"": ""very late pick"", ""effect"": ""negative""}, {""feature"": ""Body fat %"", ""detail"": ""typical body fat"", ""effect"": ""positive""}, {""feature"": ""Lane agility time"", ""detail"": ""typical speed"", ""effect"": ""positive""}, {""feature"": ""Standing reach"", ""detail"": ""about average"", ""effect"": ""positive""}, {""feature"": ""Three-quarter sprint"", ""detail"": ""typical speed"", ""effect"": ""negative""}]"
Bennedict Mathurin,2022,SG,6.0,70.0,0.9920244,0.7727984537757248,94.6,"[{""feature"": ""Draft position"", ""detail"": ""very early pick"", ""effect"": ""positive""}, {""feature"": ""Body fat %"", ""detail"": ""leaner than typical"", ""effect"": ""positive""}, {""feature"": ""Lane agility time"", ""detail"": ""typical speed"", ""effect"": ""positive""}, {""feature"": ""Weight"", ""detail"": ""about average"", ""effect"": ""negative""}, {""feature"": ""Standing reach"", ""detail"": ""about average"", ""effect"": ""positive""}]"
Matthew Mayer,2022,SF,,0.0,0.23899125,0.3893727604886111,11.4,"[{""feature"": ""Lane agility time"", ""detail"": ""faster than typical"", ""effect"": ""positive""}, {""feature"": ""Body fat %"", ""detail"": ""slightly higher body fat"", ""effect"": ""negative""}, {""feature"": ""Standing vertical leap"", ""detail"": ""below average"", ""effect"": ""negative""}, {""feature"": ""Three-quarter sprint"", ""detail"": ""slower than typical"", ""effect"": ""positive""}, {""feature"": ""Max vertical leap"", ""detail"": ""below average"", ""effect"": ""negative""}]"
Bryce McGowens,2022,SG,40.0,47.0,0.3794722,0.2551799768635798,57.1,"[{""feature"": ""Draft position"", ""detail"": ""later pick"", ""effect"": ""negative""}, {""feature"": ""Body fat %"", ""detail"": ""leaner than typical"", ""effect"": ""positive""}, {""feature"": ""Lane agility time"", ""detail"": ""faster than typical"", ""effect"": ""positive""}, {""feature"": ""Weight"", ""detail"": ""below average"", ""effect"": ""negative""}, {""feature"": ""Three-quarter sprint"", ""detail"": ""typical speed"", ""effect"": ""negative""}]"
Josh Minnott,2022,PF,,0.0,0.3019397,0.4194612521652397,13.4,"[{""feature"": ""Body fat %"", ""detail"": ""typical body fat"", ""effect"": ""positive""}, {""feature"": ""Lane agility time"", ""detail"": ""typical speed"", ""effect"": ""positive""}, {""feature"": ""Draft position"", ""detail"": ""mid-round pick"", ""effect"": ""positive""}, {""feature"": ""Standing reach"", ""detail"": ""about average"", ""effect"": ""positive""}, {""feature"": ""Three-quarter sprint"", ""detail"": ""typical speed"", ""effect"": ""negative""}]"
Aminu Mohammed,2022,SG-SF,,0.0,0.3106399,0.4939652421446178,12.8,"[{""feature"": ""Body fat %"", ""detail"": ""leaner than typical"", ""effect"": ""positive""}, {""feature"": ""Max vertical leap"", ""detail"": ""above average"", ""effect"": ""positive""}, {""feature"": ""Three-quarter sprint"", ""detail"": ""typical speed"", ""effect"": ""positive""}, {""feature"": ""Lane agility time"", ""detail"": ""typical speed"", ""effect"": ""negative""}, {""feature"": ""Draft position"", ""detail"": ""mid-round pick"", ""effect"": ""positive""}]"
Iverson Molinar,2022,PG,,0.0,0.35648483,0.49239524381371524,21.5,"[{""feature"": ""Body fat %"", ""detail"": ""leaner than typical"", ""effect"": ""positive""}, {""feature"": ""Max vertical leap"", ""detail"": ""above average"", ""effect"": ""positive""}, {""feature"": ""Three-quarter sprint"", ""detail"": ""faster than typical"", ""effect"": ""negative""}, {""feature"": ""Lane agility time"", ""detail"": ""typical speed"", ""effect"": ""positive""}, {""feature"": ""Standing reach"", ""detail"": ""below average"", ""effect"": ""negative""}]"
Jean Montero,2022,PG,,0.0,0.2989306,0.35741343394055153,14.2,"[{""feature"": ""Standing reach"", ""detail"": ""below average"", ""effect"": ""negative""}, {""feature"": ""Three-quarter sprint"", ""detail"": ""faster than typical"", ""effect"": ""negative""}, {""feature"": ""Lane agility time"", ""detail"": ""typical speed"", ""effect"": ""positive""}, {""feature"": ""Max vertical leap"", ""detail"": ""above average"", ""effect"": ""positive""}, {""feature"": ""Weight"", ""detail"": ""far below average"", ""effect"": ""negative""}]"
Wendell Moore,2022,SG,26.0,25.0,0.32850048,0.5544833262391851,18.4,"[{""feature"": ""Lane agility time"", ""detail"": ""faster than typical"", ""effect"": ""positive""}, {""feature"": ""Standing vertical leap"", ""detail"": ""above average"", ""effect"": ""positive""}, {""feature"": ""Max vertical leap"", ""detail"": ""above average"", ""effect"": ""positive""}, {""feature"": ""Standing reach"", ""detail"": ""below average"", ""effect"": ""negative""}, {""feature"": ""Draft position"", ""detail"": ""mid-round pick"", ""effect"": ""positive""}]"
Keegan Murray,2022,PF,4.0,83.0,0.9956806,0.7773947197935555,94.1,"[{""feature"": ""Draft position"", ""detail"": ""very early pick"", ""effect"": ""positive""}, {""feature"": ""Body fat %"", ""detail"": ""typical body fat"", ""effect"": ""positive""}, {""feature"": ""Lane agility time"", ""detail"": ""typical speed"", ""effect"": ""positive""}, {""feature"": ""Standing reach"", ""detail"": ""about average"", ""effect"": ""positive""}, {""feature"": ""Three-quarter sprint"", ""detail"": ""typical speed"", ""effect"": ""negative""}]"
Andrew Nembhard,2022,PG,31.0,68.0,0.33680153,0.4336719101118947,49.6,"[{""feature"": ""Lane agility time"", ""detail"": ""much faster than typical"", ""effect"": ""positive""}, {""feature"": ""Draft position"", ""detail"": ""mid-round pick"", ""effect"": ""negative""}, {""feature"": ""Body fat %"", ""detail"": ""leaner than typical"", ""effect"": ""positive""}, {""feature"": ""Standing reach"", ""detail"": ""below average"", ""effect"": ""negative""}, {""feature"": ""Standing vertical leap"", ""detail"": ""below average"", ""effect"": ""negative""}]"
Scotty Pippen Jr.,2022,PG,,11.0,0.28457326,0.4255948736679681,18.8,"[{""feature"": ""Standing reach"", ""detail"": ""far below average"", ""effect"": ""negative""}, {""feature"": ""Lane agility time"", ""detail"": ""faster than typical"", ""effect"": ""positive""}, {""feature"": ""Body fat %"", ""detail"": ""leaner than typical"", ""effect"": ""positive""}, {""feature"": ""Max vertical leap"", ""detail"": ""above average"", ""effect"": ""positive""}, {""feature"": ""Three-quarter sprint"", ""detail"": ""faster than typical"", ""effect"": ""negative""}]"
Gabriele Procida,2022,SG-SF,36.0,0.0,0.31073186,0.34469277349752353,51.2,"[{""feature"": ""Draft position"", ""detail"": ""later pick"", ""effect"": ""negative""}, {""feature"": ""Body fat %"", ""detail"": ""leaner than typical"", ""effect"": ""positive""}, {""feature"": ""Three-quarter sprint"", ""detail"": ""much faster than typical"", ""effect"": ""negative""}, {""feature"": ""Lane agility time"", ""detail"": ""faster than typical"", ""effect"": ""positive""}, {""feature"": ""Standing reach"", ""detail"": ""about average"", ""effect"": ""positive""}]"
Jared Rhoden,2022,SG-SF,,16.0,0.3019397,0.4194612521652397,13.4,"[{""feature"": ""Body fat %"", ""detail"": ""typical body fat"", ""effect"": ""positive""}, {""feature"": ""Lane agility time"", ""detail"": ""typical speed"", ""effect"": ""positive""}, {""feature"": ""Draft position"", ""detail"": ""mid-round pick"", ""effect"": ""positive""}, {""feature"": ""Standing reach"", ""detail"": ""about average"", ""effect"": ""positive""}, {""feature"": ""Three-quarter sprint"", ""detail"": ""typical speed"", ""effect"": ""negative""}]"
Orlando Robinson,2022,C,,32.0,0.19310126,0.3871166184522925,3.6,"[{""feature"": ""Standing reach"", ""detail"": ""far above average"", ""effect"": ""positive""}, {""feature"": ""Standing vertical leap"", ""detail"": ""far below average"", ""effect"": ""negative""}, {""feature"": ""Three-quarter sprint"", ""detail"": ""much slower than typical"", ""effect"": ""positive""}, {""feature"": ""Max vertical leap"", ""detail"": ""far below average"", ""effect"": ""negative""}, {""feature"": ""Body fat %"", ""detail"": ""slightly higher body fat"", ""effect"": ""negative""}]"
David Roddy,2022,PF,23.0,71.0,0.39614993,0.4637238841646323,77.4,"[{""feature"": ""Lane agility time"", ""detail"": ""faster than typical"", ""effect"": ""positive""}, {""feature"": ""Body fat %"", ""detail"": ""higher body fat than typical"", ""effect"": ""negative""}, {""feature"": ""Draft position"", ""detail"": ""mid-round pick"", ""effect"": ""positive""}, {""feature"": ""Standing vertical leap"", ""detail"": ""below average"", ""effect"": ""negative""}, {""feature"": ""Three-quarter sprint"", ""detail"": ""faster than typical"", ""effect"": ""negative""}]"
Ryan Rollins,2022,SG,44.0,14.0,0.2879687,0.15596800513896528,47.0,"[{""feature"": ""Draft position"", ""detail"": ""later pick"", ""effect"": ""negative""}, {""feature"": ""Three-quarter sprint"", ""detail"": ""much faster than typical"", ""effect"": ""negative""}, {""feature"": ""Body fat %"", ""detail"": ""leaner than typical"", ""effect"": ""positive""}, {""feature"": ""Standing reach"", ""detail"": ""below average"", ""effect"": ""negative""}, {""feature"": ""Lane agility time"", ""detail"": ""typical speed"", ""effect"": ""positive""}]"
Dereon Seabron,2022,SG,,10.0,0.36312556,0.5408653332556048,25.6,"[{""feature"": ""Body fat %"", ""detail"": ""leaner than typical"", ""effect"": ""positive""}, {""feature"": ""Lane agility time"", ""detail"": ""faster than typical"", ""effect"": ""positive""}, {""feature"": ""Three-quarter sprint"", ""detail"": ""faster than typical"", ""effect"": ""negative""}, {""feature"": ""Max vertical leap"", ""detail"": ""above average"", ""effect"": ""positive""}, {""feature"": ""Standing vertical leap"", ""detail"": ""about average"", ""effect"": ""positive""}]"
Shaedon Sharpe,2022,SG,7.0,81.0,0.9886641,0.7656469182391835,95.1,"[{""feature"": ""Draft position"", ""detail"": ""very early pick"", ""effect"": ""positive""}, {""feature"": ""Body fat %"", ""detail"": ""leaner than typical"", ""effect"": ""positive""}, {""feature"": ""Weight"", ""detail"": ""below average"", ""effect"": ""negative""}, {""feature"": ""Lane agility time"", ""detail"": ""typical speed"", ""effect"": ""positive""}, {""feature"": ""Three-quarter sprint"", ""detail"": ""typical speed"", ""effect"": ""negative""}]"
Jabari Smith,2022,PF,3.0,70.0,0.9967583,0.7895413855430001,94.1,"[{""feature"": ""Draft position"", ""detail"": ""very early pick"", ""effect"": ""positive""}, {""feature"": ""Body fat %"", ""detail"": ""typical body fat"", ""effect"": ""positive""}, {""feature"": ""Lane agility time"", ""detail"": ""typical speed"", ""effect"": ""positive""}, {""feature"": ""Standing reach"", ""detail"": ""about average"", ""effect"": ""positive""}, {""feature"": ""Three-quarter sprint"", ""detail"": ""typical speed"", ""effect"": ""negative""}]"
Jeremy Sochan,2022,PF,9.0,54.0,0.98130167,0.7094001009102929,94.1,"[{""feature"": ""Draft position"", ""detail"": ""earlier pick"", ""effect"": ""positive""}, {""feature"": ""Body fat %"", ""detail"": ""typical body fat"", ""effect"": ""positive""}, {""feature"": ""Lane agility time"", ""detail"": ""typical speed"", ""effect"": ""positive""}, {""feature"": ""Standing reach"", ""detail"": ""about average"", ""effect"": ""positive""}, {""feature"": ""Three-quarter sprint"", ""detail"": ""typical speed"", ""effect"": ""negative""}]"
Matteo Spagnolo,2022,PG,50.0,0.0,0.34333202,0.07427828435025847,33.0,"[{""feature"": ""Draft position"", ""detail"": ""very late pick"", ""effect"": ""negative""}, {""feature"": ""Standing vertical leap"", ""detail"": ""below average"", ""effect"": ""negative""}, {""feature"": ""Three-quarter sprint"", ""detail"": ""slower than typical"", ""effect"": ""positive""}, {""feature"": ""Max vertical leap"", ""detail"": ""below average"", ""effect"": ""negative""}, {""feature"": ""Body fat %"", ""detail"": ""typical body fat"", ""effect"": ""negative""}]"
Dalen Terry,2022,SG,18.0,38.0,0.7363061,0.6120928426300435,83.3,"[{""feature"": ""Draft position"", ""detail"": ""earlier pick"", ""effect"": ""positive""}, {""feature"": ""Body fat %"", ""detail"": ""leaner than typical"", ""effect"": ""positive""}, {""feature"": ""Standing reach"", ""detail"": ""about average"", ""effect"": ""positive""}, {""feature"": ""Weight"", ""detail"": ""below average"", ""effect"": ""negative""}, {""feature"": ""Lane agility time"", ""detail"": ""typical speed"", ""effect"": ""positive""}]"
Jabari Walker,2022,PF,57.0,57.0,0.26911175,0.03974334721600571,22.6,"[{""feature"": ""Draft position"", ""detail"": ""very late pick"", ""effect"": ""negative""}, {""feature"": ""Body fat %"", ""detail"": ""higher body fat than typical"", ""effect"": ""negative""}, {""feature"": ""Standing reach"", ""detail"": ""about average"", ""effect"": ""positive""}, {""feature"": ""Three-quarter sprint"", ""detail"": ""typical speed"", ""effect"": ""negative""}, {""feature"": ""Max vertical leap"", ""detail"": ""about average"", ""effect"": ""negative""}]"
TyTy Washington Jr.,2022,SG,29.0,31.0,0.2068554,0.21271414875909442,41.4,"[{""feature"": ""Body fat %"", ""detail"": ""higher body fat than typical"", ""effect"": ""negative""}, {""feature"": ""Standing reach"", ""detail"": ""below average"", ""effect"": ""negative""}, {""feature"": ""Draft position"", ""detail"": ""mid-round pick"", ""effect"": ""negative""}, {""feature"": ""Weight"", ""detail"": ""below average"", ""effect"": ""negative""}, {""feature"": ""Lane agility time"", ""detail"": ""typical speed"", ""effect"": ""positive""}]"
Peyton Watson,2022,SF,30.0,31.0,0.3453256,0.4658369181301285,63.2,"[{""feature"": ""Lane agility time"", ""detail"": ""faster than typical"", ""effect"": ""positive""}, {""feature"": ""Draft position"", ""detail"": ""mid-round pick"", ""effect"": ""negative""}, {""feature"": ""Body fat %"", ""detail"": ""leaner than typical"", ""effect"": ""positive""}, {""feature"": ""Standing reach"", ""detail"": ""above average"", ""effect"": ""positive""}, {""feature"": ""Standing vertical leap"", ""detail"": ""about average"", ""effect"": ""negative""}]"
Blake Wesley,2022,SG,25.0,38.0,0.2891753,0.43538957671507406,71.8,"[{""feature"": ""Body fat %"", ""detail"": ""leaner than typical"", ""effect"": ""positive""}, {""feature"": ""Three-quarter sprint"", ""detail"": ""faster than typical"", ""effect"": ""negative""}, {""feature"": ""Draft position"", ""detail"": ""mid-round pick"", ""effect"": ""positive""}, {""feature"": ""Max vertical leap"", ""detail"": ""above average"", ""effect"": ""positive""}, {""feature"": ""Weight"", ""detail"": ""below average"", ""effect"": ""negative""}]"
Alondes Williams,2022,SG,,3.0,0.31352252,0.4444244329015792,11.1,"[{""feature"": ""Lane agility time"", ""detail"": ""faster than typical"", ""effect"": ""positive""}, {""feature"": ""Three-quarter sprint"", ""detail"": ""faster than typical"", ""effect"": ""negative""}, {""feature"": ""Standing reach"", ""detail"": ""about average"", ""effect"": ""negative""}, {""feature"": ""Max vertical leap"", ""detail"": ""about average"", ""effect"": ""positive""}, {""feature"": ""Standing vertical leap"", ""detail"": ""about average"", ""effect"": ""positive""}]"
Jalen Williams,2022,SG,12.0,76.0,0.8950199,0.728725864188942,95.1,"[{""feature"": ""Draft position"", ""detail"": ""earlier pick"", ""effect"": ""positive""}, {""feature"": ""Standing vertical leap"", ""detail"": ""above average"", ""effect"": ""positive""}, {""feature"": ""Three-quarter sprint"", ""detail"": ""faster than typical"", ""effect"": ""negative""}, {""feature"": ""Max vertical leap"", ""detail"": ""above average"", ""effect"": ""positive""}, {""feature"": ""Lane agility time"", ""detail"": ""faster than typical"", ""effect"": ""positive""}]"
Jaylin Williams,2022,C,34.0,51.0,0.27297762,0.2634153240309532,44.5,"[{""feature"": ""Draft position"", ""detail"": ""later pick"", ""effect"": ""negative""}, {""feature"": ""Three-quarter sprint"", ""detail"": ""much slower than typical"", ""effect"": ""positive""}, {""feature"": ""Standing vertical leap"", ""detail"": ""far below average"", ""effect"": ""negative""}, {""feature"": ""Standing reach"", ""detail"": ""above average"", ""effect"": ""positive""}, {""feature"": ""Max vertical leap"", ""detail"": ""below average"", ""effect"": ""negative""}]"
Trevion Williams,2022,C,,2.0,0.11392186,0.23052231263810427,6.7,"[{""feature"": ""Lane agility time"", ""detail"": ""much slower than typical"", ""effect"": ""negative""}, {""feature"": ""Body fat %"", ""detail"": ""slightly higher body fat"", ""effect"": ""negative""}, {""feature"": ""Three-quarter sprint"", ""detail"": ""slower than typical"", ""effect"": ""positive""}, {""feature"": ""Standing reach"", ""detail"": ""above average"", ""effect"": ""positive""}, {""feature"": ""Max vertical leap"", ""detail"": ""below average"", ""effect"": ""negative""}]"
Bryson Williams,2022,PF-C,,0.0,0.3019397,0.4194612521652397,13.4,"[{""feature"": ""Body fat %"", ""detail"": ""typical body fat"", ""effect"": ""positive""}, {""feature"": ""Lane agility time"", ""detail"": ""typical speed"", ""effect"": ""positive""}, {""feature"": ""Draft position"", ""detail"": ""mid-round pick"", ""effect"": ""positive""}, {""feature"": ""Standing reach"", ""detail"": ""about average"", ""effect"": ""positive""}, {""feature"": ""Three-quarter sprint"", ""detail"": ""typical speed"", ""effect"": ""negative""}]"
Mark Williams,2022,C,15.0,42.0,0.8300739,0.7933320310222721,94.8,"[{""feature"": ""Draft position"", ""detail"": ""earlier pick"", ""effect"": ""positive""}, {""feature"": ""Standing reach"", ""detail"": ""far above average"", ""effect"": ""positive""}, {""feature"": ""Body fat %"", ""detail"": ""leaner than typical"", ""effect"": ""positive""}, {""feature"": ""Weight"", ""detail"": ""above average"", ""effect"": ""positive""}, {""feature"": ""Wingspan"", ""detail"": ""far above average"", ""effect"": ""negative""}]"
Fanbo Zeng,2022,SF-PF,,0.0,0.3019397,0.4194612521652397,13.4,"[{""feature"": ""Body fat %"", ""detail"": ""typical body fat"", ""effect"": ""positive""}, {""feature"": ""Lane agility time"", ""detail"": ""typical speed"", ""effect"": ""positive""}, {""feature"": ""Draft position"", ""detail"": ""mid-round pick"", ""effect"": ""positive""}, {""feature"": ""Standing reach"", ""detail"": ""about average"", ""effect"": ""positive""}, {""feature"": ""Three-quarter sprint"", ""detail"": ""typical speed"", ""effect"": ""negative""}]"
Trey Alexander,2023,SG,,0.0,0.27028263,0.37363356891086724,12.1,"[{""feature"": ""Standing reach"", ""detail"": ""about average"", ""effect"": ""negative""}, {""feature"": ""Lane agility time"", ""detail"": ""typical speed"", ""effect"": ""negative""}, {""feature"": ""Three-quarter sprint"", ""detail"": ""typical speed"", ""effect"": ""positive""}, {""feature"": ""Weight"", ""detail"": ""below average"", ""effect"": ""negative""}, {""feature"": ""Body fat %"", ""detail"": ""typical body fat"", ""effect"": ""positive""}]"
Amari Bailey,2023,SG,41.0,0.0,0.31564566,0.17664970029543367,50.3,"[{""feature"": ""Draft position"", ""detail"": ""later pick"", ""effect"": ""negative""}, {""feature"": ""Three-quarter sprint"", ""detail"": ""faster than typical"", ""effect"": ""negative""}, {""feature"": ""Lane agility time"", ""detail"": ""typical speed"", ""effect"": ""positive""}, {""feature"": ""Weight"", ""detail"": ""below average"", ""effect"": ""negative""}, {""feature"": ""Body fat %"", ""detail"": ""typical body fat"", ""effect"": ""positive""}]"
Emoni Bates,2023,SF,49.0,0.0,0.38457322,0.12139962970134086,32.9,"[{""feature"": ""Draft position"", ""detail"": ""very late pick"", ""effect"": ""negative""}, {""feature"": ""Three-quarter sprint"", ""detail"": ""much slower than typical"", ""effect"": ""positive""}, {""feature"": ""Standing vertical leap"", ""detail"": ""below average"", ""effect"": ""negative""}, {""feature"": ""Weight"", ""detail"": ""below average"", ""effect"": ""negative""}, {""feature"": ""Standing reach"", ""detail"": ""about average"", ""effect"": ""positive""}]"
Reece Beekman,2023,PG,,0.0,0.33840376,0.44831115493228385,16.2,"[{""feature"": ""Lane agility time"", ""detail"": ""faster than typical"", ""effect"": ""positive""}, {""feature"": ""Three-quarter sprint"", ""detail"": ""faster than typical"", ""effect"": ""negative""}, {""feature"": ""Max vertical leap"", ""detail"": ""above average"", ""effect"": ""positive""}, {""feature"": ""Standing reach"", ""detail"": ""below average"", ""effect"": ""negative""}, {""feature"": ""Standing vertical leap"", ""detail"": ""about average"", ""effect"": ""positive""}]"
Anthony Black,2023,PG,6.0,0.0,0.9913578,0.8576080711862712,94.6,"[{""feature"": ""Draft position"", ""detail"": ""very early pick"", ""effect"": ""positive""}, {""feature"": ""Lane agility time"", ""detail"": ""faster than typical"", ""effect"": ""positive""}, {""feature"": ""Max vertical leap"", ""detail"": ""above average"", ""effect"": ""positive""}, {""feature"": ""Standing vertical leap"", ""detail"": ""above average"", ""effect"": ""positive""}, {""feature"": ""Three-quarter sprint"", ""detail"": ""typical speed"", ""effect"": ""positive""}]"
Adem Bona,2023,C,,0.0,0.29132444,0.5241245329952258,10.3,"[{""feature"": ""Standing reach"", ""detail"": ""above average"", ""effect"": ""positive""}, {""feature"": ""Weight"", ""detail"": ""above average"", ""effect"": ""positive""}, {""feature"": ""Body fat %"", ""detail"": ""typical body fat"", ""effect"": ""positive""}, {""feature"": ""Lane agility time"", ""detail"": ""typical speed"", ""effect"": ""positive""}, {""feature"": ""Draft position"", ""detail"": ""mid-round pick"", ""effect"": ""positive""}]"
Kobe Brown,2023,PF,30.0,0.0,0.2816434,0.3904703782426034,55.4,"[{""feature"": ""Draft position"", ""detail"": ""mid-round pick"", ""effect"": ""negative""}, {""feature"": ""Standing reach"", ""detail"": ""above average"", ""effect"": ""positive""}, {""feature"": ""Max vertical leap"", ""detail"": ""below average"", ""effect"": ""negative""}, {""feature"": ""Weight"", ""detail"": ""above average"", ""effect"": ""positive""}, {""feature"": ""Three-quarter sprint"", ""detail"": ""typical speed"", ""effect"": ""positive""}]"
Kobe Bufkin,2023,SG,15.0,0.0,0.69892436,0.5501759076187024,86.8,"[{""feature"": ""Draft position"", ""detail"": ""earlier pick"", ""effect"": ""positive""}, {""feature"": ""Lane agility time"", ""detail"": ""typical speed"", ""effect"": ""negative""}, {""feature"": ""Max vertical leap"", ""detail"": ""above average"", ""effect"": ""positive""}, {""feature"": ""Weight"", ""detail"": ""below average"", ""effect"": ""negative""}, {""feature"": ""Standing reach"", ""detail"": ""about average"", ""effect"": ""negative""}]"
Toumani Camara,2023,PF,52.0,0.0,0.3993091,0.18721380976866914,28.2,"[{""feature"": ""Draft position"", ""detail"": ""very late pick"", ""effect"": ""negative""}, {""feature"": ""Lane agility time"", ""detail"": ""faster than typical"", ""effect"": ""positive""}, {""feature"": ""Standing reach"", ""detail"": ""above average"", ""effect"": ""positive""}, {""feature"": ""Three-quarter sprint"", ""detail"": ""slower than typical"", ""effect"": ""positive""}, {""feature"": ""Body fat %"", ""detail"": ""typical body fat"", ""effect"": ""positive""}]"
Sidy Cissoko,2023,SF,44.0,0.0,0.40316546,0.21886430834731108,55.4,"[{""feature"": ""Draft position"", ""detail"": ""later pick"", ""effect"": ""negative""}, {""feature"": ""Lane agility time"", ""detail"": ""typical speed"", ""effect"": ""positive""}, {""feature"": ""Standing vertical leap"", ""detail"": ""about average"", ""effect"": ""positive""}, {""feature"": ""Max vertical leap"", ""detail"": ""about average"", ""effect"": ""positive""}, {""feature"": ""Body fat %"", ""detail"": ""typical body fat"", ""effect"": ""positive""}]"
Jaylen Clark,2023,SG,53.0,0.0,0.3368552,0.08241825607709458,21.7,"[{""feature"": ""Draft position"", ""detail"": ""very late pick"", ""effect"": ""negative""}, {""feature"": ""Standing reach"", ""detail"": ""about average"", ""effect"": ""negative""}, {""feature"": ""Body fat %"", ""detail"": ""typical body fat"", ""effect"": ""positive""}, {""feature"": ""Lane agility time"", ""detail"": ""typical speed"", ""effect"": ""positive""}, {""feature"": ""Weight"", ""detail"": ""about average"", ""effect"": ""negative""}]"
Noah Clowney,2023,PF,21.0,0.0,0.5523311,0.5082718435628636,80.7,"[{""feature"": ""Draft position"", ""detail"": ""mid-round pick"", ""effect"": ""positive""}, {""feature"": ""Body fat %"", ""detail"": ""typical body fat"", ""effect"": ""positive""}, {""feature"": ""Lane agility time"", ""detail"": ""typical speed"", ""effect"": ""positive""}, {""feature"": ""Standing reach"", ""detail"": ""about average"", ""effect"": ""positive""}, {""feature"": ""Three-quarter sprint"", ""detail"": ""typical speed"", ""effect"": ""negative""}]"
Bilal Coulibaly,2023,SG-SF,7.0,0.0,0.98964065,0.738019968237537,94.1,"[{""feature"": ""Draft position"", ""detail"": ""very early pick"", ""effect"": ""positive""}, {""feature"": ""Body fat %"", ""detail"": ""typical body fat"", ""effect"": ""positive""}, {""feature"": ""Lane agility time"", ""detail"": ""typical speed"", ""effect"": ""positive""}, {""feature"": ""Standing reach"", ""detail"": ""about average"", ""effect"": ""positive""}, {""feature"": ""Three-quarter sprint"", ""detail"": ""typical speed"", ""effect"": ""negative""}]"
Ricky Council IV,2023,SF,,0.0,0.40171656,0.5137355328850977,13.0,"[{""feature"": ""Lane agility time"", ""detail"": ""typical speed"", ""effect"": ""positive""}, {""feature"": ""Max vertical leap"", ""detail"": ""above average"", ""effect"": ""positive""}, {""feature"": ""Standing vertical leap"", ""detail"": ""about average"", ""effect"": ""positive""}, {""feature"": ""Three-quarter sprint"", ""detail"": ""typical speed"", ""effect"": ""positive""}, {""feature"": ""Body fat %"", ""detail"": ""typical body fat"", ""effect"": ""positive""}]"
Gradey Dick,2023,SG,13.0,0.0,0.9428196,0.7149654986179281,94.1,"[{""feature"": ""Draft position"", ""detail"": ""earlier pick"", ""effect"": ""positive""}, {""feature"": ""Three-quarter sprint"", ""detail"": ""much slower than typical"", ""effect"": ""positive""}, {""feature"": ""Lane agility time"", ""detail"": ""faster than typical"", ""effect"": ""positive""}, {""feature"": ""Standing reach"", ""detail"": ""below average"", ""effect"": ""negative""}, {""feature"": ""Body fat %"", ""detail"": ""typical body fat"", ""effect"": ""positive""}]"
Nikola Djurisic,2023,SF,,0.0,0.26789898,0.3965574465161868,14.2,"[{""feature"": ""Standing reach"", ""detail"": ""about average"", ""effect"": ""negative""}, {""feature"": ""Body fat %"", ""detail"": ""typical body fat"", ""effect"": ""positive""}, {""feature"": ""Lane agility time"", ""detail"": ""typical speed"", ""effect"": ""positive""}, {""feature"": ""Draft position"", ""detail"": ""mid-round pick"", ""effect"": ""positive""}, {""feature"": ""Three-quarter sprint"", ""detail"": ""typical speed"", ""effect"": ""negative""}]"
Zach Edey,2023,C,,0.0,0.34291035,0.5737565372090885,14.7,"[{""feature"": ""Standing reach"", ""detail"": ""far above average"", ""effect"": ""positive""}, {""feature"": ""Three-quarter sprint"", ""detail"": ""slower than typical"", ""effect"": ""positive""}, {""feature"": ""Weight"", ""detail"": ""far above average"", ""effect"": ""positive""}, {""feature"": ""Max vertical leap"", ""detail"": ""below average"", ""effect"": ""negative""}, {""feature"": ""Standing vertical leap"", ""detail"": ""below average"", ""effect"": ""negative""}]"
Adam Flagler,2023,PG,,0.0,0.32273734,0.4313190767260003,11.1,"[{""feature"": ""Standing reach"", ""detail"": ""below average"", ""effect"": ""negative""}, {""feature"": ""Lane agility time"", ""detail"": ""faster than typical"", ""effect"": ""positive""}, {""feature"": ""Standing vertical leap"", ""detail"": ""above average"", ""effect"": ""positive""}, {""feature"": ""Max vertical leap"", ""detail"": ""above average"", ""effect"": ""positive""}, {""feature"": ""Three-quarter sprint"", ""detail"": ""typical speed"", ""effect"": ""negative""}]"
Keyonte George,2023,SG,16.0,0.0,0.8573795,0.5965634017789798,82.1,"[{""feature"": ""Draft position"", ""detail"": ""earlier pick"", ""effect"": ""positive""}, {""feature"": ""Body fat %"", ""detail"": ""typical body fat"", ""effect"": ""positive""}, {""feature"": ""Lane agility time"", ""detail"": ""typical speed"", ""effect"": ""positive""}, {""feature"": ""Standing reach"", ""detail"": ""about average"", ""effect"": ""positive""}, {""feature"": ""Three-quarter sprint"", ""detail"": ""typical speed"", ""effect"": ""negative""}]"
Mouhamed Gueye,2023,C,39.0,0.0,0.34481537,0.28050458228421693,44.4,"[{""feature"": ""Draft position"", ""detail"": ""later pick"", ""effect"": ""negative""}, {""feature"": ""Standing reach"", ""detail"": ""above average"", ""effect"": ""positive""}, {""feature"": ""Body fat %"", ""detail"": ""typical body fat"", ""effect"": ""positive""}, {""feature"": ""Lane agility time"", ""detail"": ""typical speed"", ""effect"": ""positive""}, {""feature"": ""Wingspan"", ""detail"": ""above average"", ""effect"": ""negative""}]"
Jordan Hawkins,2023,SG,14.0,0.0,0.84490246,0.5871337760093179,94.4,"[{""feature"": ""Draft position"", ""detail"": ""earlier pick"", ""effect"": ""positive""}, {""feature"": ""Standing reach"", ""detail"": ""about average"", ""effect"": ""negative""}, {""feature"": ""Weight"", ""detail"": ""below average"", ""effect"": ""negative""}, {""feature"": ""Body fat %"", ""detail"": ""typical body fat"", ""effect"": ""positive""}, {""feature"": ""Lane agility time"", ""detail"": ""typical speed"", ""effect"": ""positive""}]"
Coleman Hawkins,2023,PF,,0.0,0.20869352,0.3455358987821785,7.6,"[{""feature"": ""Lane agility time"", ""detail"": ""slower than typical"", ""effect"": ""negative""}, {""feature"": ""Standing reach"", ""detail"": ""above average"", ""effect"": ""positive""}, {""feature"": ""Standing vertical leap"", ""detail"": ""below average"", ""effect"": ""negative""}, {""feature"": ""Three-quarter sprint"", ""detail"": ""slower than typical"", ""effect"": ""positive""}, {""feature"": ""Max vertical leap"", ""detail"": ""about average"", ""effect"": ""negative""}]"
Scoot Henderson,2023,PG,3.0,0.0,0.9967583,0.7895413855430001,94.1,"[{""feature"": ""Draft position"", ""detail"": ""very early pick"", ""effect"": ""positive""}, {""feature"": ""Body fat %"", ""detail"": ""typical body fat"", ""effect"": ""positive""}, {""feature"": ""Lane agility time"", ""detail"": ""typical speed"", ""effect"": ""positive""}, {""feature"": ""Standing reach"", ""detail"": ""about average"", ""effect"": ""positive""}, {""feature"": ""Three-quarter sprint"", ""detail"": ""typical speed"", ""effect"": ""negative""}]"
Taylor Hendricks,2023,PF,9.0,0.0,0.9830835,0.818080910878052,94.0,"[{""feature"": ""Draft position"", ""detail"": ""earlier pick"", ""effect"": ""positive""}, {""feature"": ""Standing vertical leap"", ""detail"": ""above average"", ""effect"": ""positive""}, {""feature"": ""Standing reach"", ""detail"": ""above average"", ""effect"": ""positive""}, {""feature"": ""Lane agility time"", ""detail"": ""typical speed"", ""effect"": ""positive""}, {""feature"": ""Max vertical leap"", ""detail"": ""above average"", ""effect"": ""positive""}]"
DaRon Holmes II,2023,C,,0.0,0.25295004,0.46415957322171575,9.6,"[{""feature"": ""Standing reach"", ""detail"": ""above average"", ""effect"": ""positive""}, {""feature"": ""Three-quarter sprint"", ""detail"": ""faster than typical"", ""effect"": ""negative""}, {""feature"": ""Body fat %"", ""detail"": ""typical body fat"", ""effect"": ""positive""}, {""feature"": ""Max vertical leap"", ""detail"": ""about average"", ""effect"": ""positive""}, {""feature"": ""Draft position"", ""detail"": ""mid-round pick"", ""effect"": ""positive""}]"
Jalen Hood-Schifino,2023,PG,17.0,0.0,0.7964462,0.5335070107119214,84.3,"[{""feature"": ""Draft position"", ""detail"": ""earlier pick"", ""effect"": ""positive""}, {""feature"": ""Standing reach"", ""detail"": ""below average"", ""effect"": ""negative""}, {""feature"": ""Body fat %"", ""detail"": ""typical body fat"", ""effect"": ""positive""}, {""feature"": ""Lane agility time"", ""detail"": ""typical speed"", ""effect"": ""positive""}, {""feature"": ""Three-quarter sprint"", ""detail"": ""typical speed"", ""effect"": ""negative""}]"
Jett Howard,2023,SF,11.0,0.0,0.96647745,0.6790135049629279,94.1,"[{""feature"": ""Draft position"", ""detail"": ""earlier pick"", ""effect"": ""positive""}, {""feature"": ""Body fat %"", ""detail"": ""typical body fat"", ""effect"": ""positive""}, {""feature"": ""Lane agility time"", ""detail"": ""typical speed"", ""effect"": ""positive""}, {""feature"": ""Standing reach"", ""detail"": ""about average"", ""effect"": ""positive""}, {""feature"": ""Three-quarter sprint"", ""detail"": ""typical speed"", ""effect"": ""negative""}]"
GG Jackson,2023,PF,45.0,0.0,0.34215805,0.19571483616034718,42.3,"[{""feature"": ""Draft position"", ""detail"": ""very late pick"", ""effect"": ""negative""}, {""feature"": ""Max vertical leap"", ""detail"": ""above average"", ""effect"": ""positive""}, {""feature"": ""Standing reach"", ""detail"": ""about average"", ""effect"": ""positive""}, {""feature"": ""Standing vertical leap"", ""detail"": ""above average"", ""effect"": ""positive""}, {""feature"": ""Three-quarter sprint"", ""detail"": ""faster than typical"", ""effect"": ""negative""}]"
Andre Jackson Jr.,2023,SF,36.0,0.0,0.36719933,0.34938815727365435,53.2,"[{""feature"": ""Draft position"", ""detail"": ""later pick"", ""effect"": ""negative""}, {""feature"": ""Lane agility time"", ""detail"": ""faster than typical"", ""effect"": ""positive""}, {""feature"": ""Max vertical leap"", ""detail"": ""far above average"", ""effect"": ""positive""}, {""feature"": ""Three-quarter sprint"", ""detail"": ""faster than typical"", ""effect"": ""negative""}, {""feature"": ""Standing vertical leap"", ""detail"": ""about average"", ""effect"": ""positive""}]"
Trayce Jackson-Davis,2023,C,57.0,0.0,0.31380352,0.08437508940141068,19.0,"[{""feature"": ""Draft position"", ""detail"": ""very late pick"", ""effect"": ""negative""}, {""feature"": ""Standing vertical leap"", ""detail"": ""above average"", ""effect"": ""positive""}, {""feature"": ""Lane agility time"", ""detail"": ""slower than typical"", ""effect"": ""negative""}, {""feature"": ""Standing reach"", ""detail"": ""about average"", ""effect"": ""positive""}, {""feature"": ""Three-quarter sprint"", ""detail"": ""faster than typical"", ""effect"": ""negative""}]"
Jaime Jaquez Jr.,2023,SF,18.0,0.0,0.8914292,0.6950301438943249,83.3,"[{""feature"": ""Draft position"", ""detail"": ""earlier pick"", ""effect"": ""positive""}, {""feature"": ""Standing vertical leap"", ""detail"": ""far above average"", ""effect"": ""positive""}, {""feature"": ""Max vertical leap"", ""detail"": ""above average"", ""effect"": ""positive""}, {""feature"": ""Standing reach"", ""detail"": ""below average"", ""effect"": ""negative""}, {""feature"": ""Lane agility time"", ""detail"": ""typical speed"", ""effect"": ""positive""}]"
Keyontae Johnson,2023,SF,50.0,0.0,0.37016997,0.11437173364741858,39.3,"[{""feature"": ""Draft position"", ""detail"": ""very late pick"", ""effect"": ""negative""}, {""feature"": ""Body fat %"", ""detail"": ""typical body fat"", ""effect"": ""positive""}, {""feature"": ""Weight"", ""detail"": ""above average"", ""effect"": ""positive""}, {""feature"": ""Lane agility time"", ""detail"": ""typical speed"", ""effect"": ""positive""}, {""feature"": ""Standing reach"", ""detail"": ""about average"", ""effect"": ""negative""}]"
Colby Jones,2023,SG,34.0,0.0,0.39818397,0.3569571941887103,56.7,"[{""feature"": ""Draft position"", ""detail"": ""later pick"", ""effect"": ""negative""}, {""feature"": ""Lane agility time"", ""detail"": ""faster than typical"", ""effect"": ""positive""}, {""feature"": ""Standing vertical leap"", ""detail"": ""about average"", ""effect"": ""positive""}, {""feature"": ""Three-quarter sprint"", ""detail"": ""typical speed"", ""effect"": ""positive""}, {""feature"": ""Body fat %"", ""detail"": ""typical body fat"", ""effect"": ""positive""}]"
Ryan Kalkbrenner,2023,C,,0.0,0.18510932,0.3920098912803119,10.5,"[{""feature"": ""Lane agility time"", ""detail"": ""slower than typical"", ""effect"": ""negative""}, {""feature"": ""Standing reach"", ""detail"": ""far above average"", ""effect"": ""positive""}, {""feature"": ""Max vertical leap"", ""detail"": ""below average"", ""effect"": ""negative""}, {""feature"": ""Three-quarter sprint"", ""detail"": ""slower than typical"", ""effect"": ""positive""}, {""feature"": ""Weight"", ""detail"": ""above average"", ""effect"": ""positive""}]"
Arthur Kaluma,2023,PF,,0.0,0.3655634,0.5433686048653501,14.0,"[{""feature"": ""Standing vertical leap"", ""detail"": ""above average"", ""effect"": ""positive""}, {""feature"": ""Three-quarter sprint"", ""detail"": ""slower than typical"", ""effect"": ""positive""}, {""feature"": ""Lane agility time"", ""detail"": ""typical speed"", ""effect"": ""positive""}, {""feature"": ""Body fat %"", ""detail"": ""typical body fat"", ""effect"": ""positive""}, {""feature"": ""Draft position"", ""detail"": ""mid-round pick"", ""effect"": ""positive""}]"
Mojave King,2023,SG,47.0,0.0,0.33595678,0.21829436772116087,31.0,"[{""feature"": ""Draft position"", ""detail"": ""very late pick"", ""effect"": ""negative""}, {""feature"": ""Max vertical leap"", ""detail"": ""far above average"", ""effect"": ""positive""}, {""feature"": ""Standing vertical leap"", ""detail"": ""above average"", ""effect"": ""positive""}, {""feature"": ""Lane agility time"", ""detail"": ""faster than typical"", ""effect"": ""positive""}, {""feature"": ""Three-quarter sprint"", ""detail"": ""faster than typical"", ""effect"": ""negative""}]"
Bobi Klintman,2023,PF,,0.0,0.3019397,0.4194612521652397,13.4,"[{""feature"": ""Body fat %"", ""detail"": ""typical body fat"", ""effect"": ""positive""}, {""feature"": ""Lane agility time"", ""detail"": ""typical speed"", ""effect"": ""positive""}, {""feature"": ""Draft position"", ""detail"": ""mid-round pick"", ""effect"": ""positive""}, {""feature"": ""Standing reach"", ""detail"": ""about average"", ""effect"": ""positive""}, {""feature"": ""Three-quarter sprint"", ""detail"": ""typical speed"", ""effect"": ""negative""}]"
Maxwell Lewis,2023,SG,40.0,0.0,0.3620274,0.31928654004448487,48.9,"[{""feature"": ""Draft position"", ""detail"": ""later pick"", ""effect"": ""negative""}, {""feature"": ""Standing vertical leap"", ""detail"": ""above average"", ""effect"": ""positive""}, {""feature"": ""Three-quarter sprint"", ""detail"": ""slower than typical"", ""effect"": ""positive""}, {""feature"": ""Max vertical leap"", ""detail"": ""above average"", ""effect"": ""positive""}, {""feature"": ""Body fat %"", ""detail"": ""typical body fat"", ""effect"": ""positive""}]"
Dereck Lively Jr.,2023,C,12.0,0.0,0.9549793,0.6632088200781046,94.1,"[{""feature"": ""Draft position"", ""detail"": ""earlier pick"", ""effect"": ""positive""}, {""feature"": ""Body fat %"", ""detail"": ""typical body fat"", ""effect"": ""positive""}, {""feature"": ""Lane agility time"", ""detail"": ""typical speed"", ""effect"": ""positive""}, {""feature"": ""Standing reach"", ""detail"": ""about average"", ""effect"": ""positive""}, {""feature"": ""Three-quarter sprint"", ""detail"": ""typical speed"", ""effect"": ""negative""}]"
Chris Livingston,2023,SF,58.0,0.0,0.33561364,0.07475322599289519,27.3,"[{""feature"": ""Draft position"", ""detail"": ""very late pick"", ""effect"": ""negative""}, {""feature"": ""Max vertical leap"", ""detail"": ""above average"", ""effect"": ""positive""}, {""feature"": ""Lane agility time"", ""detail"": ""typical speed"", ""effect"": ""negative""}, {""feature"": ""Standing vertical leap"", ""detail"": ""about average"", ""effect"": ""positive""}, {""feature"": ""Body fat %"", ""detail"": ""typical body fat"", ""effect"": ""positive""}]"
Seth Lundy,2023,SF,46.0,0.0,0.3670653,0.18680658271557174,50.3,"[{""feature"": ""Draft position"", ""detail"": ""very late pick"", ""effect"": ""negative""}, {""feature"": ""Lane agility time"", ""detail"": ""faster than typical"", ""effect"": ""positive""}, {""feature"": ""Three-quarter sprint"", ""detail"": ""faster than typical"", ""effect"": ""negative""}, {""feature"": ""Standing vertical leap"", ""detail"": ""above average"", ""effect"": ""positive""}, {""feature"": ""Max vertical leap"", ""detail"": ""about average"", ""effect"": ""positive""}]"
Kevin McCullar,2023,SF,,0.0,0.3019397,0.4194612521652397,13.4,"[{""feature"": ""Body fat %"", ""detail"": ""typical body fat"", ""effect"": ""positive""}, {""feature"": ""Lane agility time"", ""detail"": ""typical speed"", ""effect"": ""positive""}, {""feature"": ""Draft position"", ""detail"": ""mid-round pick"", ""effect"": ""positive""}, {""feature"": ""Standing reach"", ""detail"": ""about average"", ""effect"": ""positive""}, {""feature"": ""Three-quarter sprint"", ""detail"": ""typical speed"", ""effect"": ""negative""}]"
Mike Miles Jr.,2023,PG,,0.0,0.28209415,0.4204113333278314,11.0,"[{""feature"": ""Standing reach"", ""detail"": ""far below average"", ""effect"": ""negative""}, {""feature"": ""Lane agility time"", ""detail"": ""faster than typical"", ""effect"": ""positive""}, {""feature"": ""Three-quarter sprint"", ""detail"": ""faster than typical"", ""effect"": ""negative""}, {""feature"": ""Standing vertical leap"", ""detail"": ""above average"", ""effect"": ""positive""}, {""feature"": ""Max vertical leap"", ""detail"": ""above average"", ""effect"": ""positive""}]"
Jordan Miller,2023,SF,48.0,0.0,0.31001124,0.13516156575941837,33.4,"[{""feature"": ""Draft position"", ""detail"": ""very late pick"", ""effect"": ""negative""}, {""feature"": ""Standing vertical leap"", ""detail"": ""above average"", ""effect"": ""positive""}, {""feature"": ""Three-quarter sprint"", ""detail"": ""faster than typical"", ""effect"": ""negative""}, {""feature"": ""Max vertical leap"", ""detail"": ""above average"", ""effect"": ""positive""}, {""feature"": ""Weight"", ""detail"": ""below average"", ""effect"": ""negative""}]"
Brandon Miller,2023,SF,2.0,0.0,0.99755895,0.8011947552369982,94.1,"[{""feature"": ""Draft position"", ""detail"": ""very early pick"", ""effect"": ""positive""}, {""feature"": ""Body fat %"", ""detail"": ""typical body fat"", ""effect"": ""positive""}, {""feature"": ""Lane agility time"", ""detail"": ""typical speed"", ""effect"": ""positive""}, {""feature"": ""Standing reach"", ""detail"": ""about average"", ""effect"": ""positive""}, {""feature"": ""Three-quarter sprint"", ""detail"": ""typical speed"", ""effect"": ""negative""}]"
Leonard Miller,2023,PF,33.0,0.0,0.37669876,0.49154220682278366,48.7,"[{""feature"": ""Draft position"", ""detail"": ""later pick"", ""effect"": ""negative""}, {""feature"": ""Lane agility time"", ""detail"": ""faster than typical"", ""effect"": ""positive""}, {""feature"": ""Standing vertical leap"", ""detail"": ""above average"", ""effect"": ""positive""}, {""feature"": ""Standing reach"", ""detail"": ""above average"", ""effect"": ""positive""}, {""feature"": ""Max vertical leap"", ""detail"": ""above average"", ""effect"": ""positive""}]"
Judah Mintz,2023,PG,,0.0,0.36176455,0.5071758475317468,8.3,"[{""feature"": ""Lane agility time"", ""detail"": ""much faster than typical"", ""effect"": ""positive""}, {""feature"": ""Standing reach"", ""detail"": ""below average"", ""effect"": ""negative""}, {""feature"": ""Max vertical leap"", ""detail"": ""above average"", ""effect"": ""positive""}, {""feature"": ""Weight"", ""detail"": ""far below average"", ""effect"": ""negative""}, {""feature"": ""Three-quarter sprint"", ""detail"": ""typical speed"", ""effect"": ""negative""}]"
Dillon Mitchell,2023,PF,,0.0,0.3826582,0.5453290252409388,11.7,"[{""feature"": ""Lane agility time"", ""detail"": ""faster than typical"", ""effect"": ""positive""}, {""feature"": ""Max vertical leap"", ""detail"": ""above average"", ""effect"": ""positive""}, {""feature"": ""Standing reach"", ""detail"": ""about average"", ""effect"": ""positive""}, {""feature"": ""Weight"", ""detail"": ""below average"", ""effect"": ""negative""}, {""feature"": ""Body fat %"", ""detail"": ""typical body fat"", ""effect"": ""positive""}]"
Omari Moore,2023,SG,,0.0,0.35532704,0.48728286591759024,13.1,"[{""feature"": ""Lane agility time"", ""detail"": ""faster than typical"", ""effect"": ""positive""}, {""feature"": ""Three-quarter sprint"", ""detail"": ""faster than typical"", ""effect"": ""negative""}, {""feature"": ""Max vertical leap"", ""detail"": ""about average"", ""effect"": ""positive""}, {""feature"": ""Weight"", ""detail"": ""below average"", ""effect"": ""negative""}, {""feature"": ""Body fat %"", ""detail"": ""typical body fat"", ""effect"": ""positive""}]"
Kris Murray,2023,PF,23.0,0.0,0.4815566,0.5684016863295572,82.9,"[{""feature"": ""Draft position"", ""detail"": ""mid-round pick"", ""effect"": ""positive""}, {""feature"": ""Lane agility time"", ""detail"": ""faster than typical"", ""effect"": ""positive""}, {""feature"": ""Standing reach"", ""detail"": ""about average"", ""effect"": ""positive""}, {""feature"": ""Body fat %"", ""detail"": ""typical body fat"", ""effect"": ""positive""}, {""feature"": ""Max vertical leap"", ""detail"": ""about average"", ""effect"": ""positive""}]"
Grant Nelson,2023,PF,,0.0,0.5816998,0.7040531589425761,11.4,"[{""feature"": ""Lane agility time"", ""detail"": ""much faster than typical"", ""effect"": ""positive""}, {""feature"": ""Standing vertical leap"", ""detail"": ""above average"", ""effect"": ""positive""}, {""feature"": ""Standing reach"", ""detail"": ""above average"", ""effect"": ""positive""}, {""feature"": ""Three-quarter sprint"", ""detail"": ""faster than typical"", ""effect"": ""negative""}, {""feature"": ""Max vertical leap"", ""detail"": ""about average"", ""effect"": ""positive""}]"
James Nnaji,2023,C,31.0,0.0,0.3419765,0.33557842187657855,55.4,"[{""feature"": ""Draft position"", ""detail"": ""mid-round pick"", ""effect"": ""negative""}, {""feature"": ""Body fat %"", ""detail"": ""typical body fat"", ""effect"": ""positive""}, {""feature"": ""Lane agility time"", ""detail"": ""typical speed"", ""effect"": ""positive""}, {""feature"": ""Standing reach"", ""detail"": ""about average"", ""effect"": ""positive""}, {""feature"": ""Three-quarter sprint"", ""detail"": ""typical speed"", ""effect"": ""negative""}]"
Julian Phillips,2023,SF,35.0,0.0,0.32125676,0.5019835860401709,60.3,"[{""feature"": ""Draft position"", ""detail"": ""later pick"", ""effect"": ""negative""}, {""feature"": ""Standing vertical leap"", ""detail"": ""far above average"", ""effect"": ""positive""}, {""feature"": ""Max vertical leap"", ""detail"": ""far above average"", ""effect"": ""positive""}, {""feature"": ""Lane agility time"", ""detail"": ""faster than typical"", ""effect"": ""positive""}, {""feature"": ""Standing reach"", ""detail"": ""about average"", ""effect"": ""negative""}]"
Jalen Pickett,2023,PG,32.0,0.0,0.22116682,0.20266821658921413,35.4,"[{""feature"": ""Draft position"", ""detail"": ""mid-round pick"", ""effect"": ""negative""}, {""feature"": ""Lane agility time"", ""detail"": ""slower than typical"", ""effect"": ""negative""}, {""feature"": ""Standing reach"", ""detail"": ""below average"", ""effect"": ""negative""}, {""feature"": ""Three-quarter sprint"", ""detail"": ""typical speed"", ""effect"": ""positive""}, {""feature"": ""Body fat %"", ""detail"": ""typical body fat"", ""effect"": ""positive""}]"
Brandin Podziemski,2023,SG,19.0,0.0,0.7052441,0.5539106871628371,76.7,"[{""feature"": ""Draft position"", ""detail"": ""earlier pick"", ""effect"": ""positive""}, {""feature"": ""Standing reach"", ""detail"": ""below average"", ""effect"": ""negative""}, {""feature"": ""Max vertical leap"", ""detail"": ""above average"", ""effect"": ""positive""}, {""feature"": ""Lane agility time"", ""detail"": ""faster than typical"", ""effect"": ""positive""}, {""feature"": ""Standing vertical leap"", ""detail"": ""above average"", ""effect"": ""positive""}]"
Olivier-Maxence Prosper,2023,PF,24.0,0.0,0.5463952,0.7115967327493021,81.3,"[{""feature"": ""Lane agility time"", ""detail"": ""much faster than typical"", ""effect"": ""positive""}, {""feature"": ""Standing vertical leap"", ""detail"": ""far above average"", ""effect"": ""positive""}, {""feature"": ""Max vertical leap"", ""detail"": ""far above average"", ""effect"": ""positive""}, {""feature"": ""Draft position"", ""detail"": ""mid-round pick"", ""effect"": ""positive""}, {""feature"": ""Three-quarter sprint"", ""detail"": ""faster than typical"", ""effect"": ""negative""}]"
Rayan Rupert,2023,SF,43.0,0.0,0.39040697,0.21183662365098757,45.5,"[{""feature"": ""Draft position"", ""detail"": ""later pick"", ""effect"": ""negative""}, {""feature"": ""Three-quarter sprint"", ""detail"": ""slower than typical"", ""effect"": ""positive""}, {""feature"": ""Lane agility time"", ""detail"": ""typical speed"", ""effect"": ""positive""}, {""feature"": ""Standing reach"", ""detail"": ""about average"", ""effect"": ""positive""}, {""feature"": ""Standing vertical leap"", ""detail"": ""below average"", ""effect"": ""negative""}]"
Adama Sanogo,2023,C,,0.0,0.32025066,0.4514285337915018,13.4,"[{""feature"": ""Standing reach"", ""detail"": ""above average"", ""effect"": ""positive""}, {""feature"": ""Max vertical leap"", ""detail"": ""below average"", ""effect"": ""negative""}, {""feature"": ""Weight"", ""detail"": ""far above average"", ""effect"": ""positive""}, {""feature"": ""Body fat %"", ""detail"": ""typical body fat"", ""effect"": ""positive""}, {""feature"": ""Standing vertical leap"", ""detail"": ""about average"", ""effect"": ""negative""}]"
Marcus Sasser,2023,PG,25.0,0.0,0.2940886,0.5190201796524432,59.5,"[{""feature"": ""Lane agility time"", ""detail"": ""faster than typical"", ""effect"": ""positive""}, {""feature"": ""Standing reach"", ""detail"": ""below average"", ""effect"": ""negative""}, {""feature"": ""Three-quarter sprint"", ""detail"": ""slower than typical"", ""effect"": ""positive""}, {""feature"": ""Standing vertical leap"", ""detail"": ""below average"", ""effect"": ""negative""}, {""feature"": ""Draft position"", ""detail"": ""mid-round pick"", ""effect"": ""positive""}]"
Brice Sensabaugh,2023,SF,28.0,0.0,0.3168042,0.3850386485406899,55.4,"[{""feature"": ""Draft position"", ""detail"": ""mid-round pick"", ""effect"": ""negative""}, {""feature"": ""Body fat %"", ""detail"": ""typical body fat"", ""effect"": ""positive""}, {""feature"": ""Lane agility time"", ""detail"": ""typical speed"", ""effect"": ""positive""}, {""feature"": ""Standing reach"", ""detail"": ""about average"", ""effect"": ""positive""}, {""feature"": ""Three-quarter sprint"", ""detail"": ""typical speed"", ""effect"": ""negative""}]"
Terrence Shannon Jr.,2023,SF,,0.0,0.44129744,0.5702925856723928,14.4,"[{""feature"": ""Lane agility time"", ""detail"": ""much faster than typical"", ""effect"": ""positive""}, {""feature"": ""Three-quarter sprint"", ""detail"": ""much faster than typical"", ""effect"": ""negative""}, {""feature"": ""Standing vertical leap"", ""detail"": ""above average"", ""effect"": ""positive""}, {""feature"": ""Max vertical leap"", ""detail"": ""above average"", ""effect"": ""positive""}, {""feature"": ""Standing reach"", ""detail"": ""about average"", ""effect"": ""negative""}]"
Ben Sheppard,2023,SG,26.0,0.0,0.32263848,0.4229211977426435,14.5,"[{""feature"": ""Lane agility time"", ""detail"": ""faster than typical"", ""effect"": ""positive""}, {""feature"": ""Standing reach"", ""detail"": ""below average"", ""effect"": ""negative""}, {""feature"": ""Three-quarter sprint"", ""detail"": ""faster than typical"", ""effect"": ""negative""}, {""feature"": ""Max vertical leap"", ""detail"": ""about average"", ""effect"": ""positive""}, {""feature"": ""Body fat %"", ""detail"": ""typical body fat"", ""effect"": ""positive""}]"
Jalen Slawson,2023,PF,54.0,0.0,0.382853,0.10366926632917985,29.6,"[{""feature"": ""Draft position"", ""detail"": ""very late pick"", ""effect"": ""negative""}, {""feature"": ""Standing reach"", ""detail"": ""about average"", ""effect"": ""positive""}, {""feature"": ""Lane agility time"", ""detail"": ""typical speed"", ""effect"": ""positive""}, {""feature"": ""Body fat %"", ""detail"": ""typical body fat"", ""effect"": ""positive""}, {""feature"": ""Max vertical leap"", ""detail"": ""about average"", ""effect"": ""negative""}]"
Terquavion Smith,2023,SG,,0.0,0.33591828,0.4235839918842519,16.2,"[{""feature"": ""Lane agility time"", ""detail"": ""faster than typical"", ""effect"": ""positive""}, {""feature"": ""Standing reach"", ""detail"": ""below average"", ""effect"": ""negative""}, {""feature"": ""Max vertical leap"", ""detail"": ""above average"", ""effect"": ""positive""}, {""feature"": ""Weight"", ""detail"": ""far below average"", ""effect"": ""negative""}, {""feature"": ""Three-quarter sprint"", ""detail"": ""faster than typical"", ""effect"": ""negative""}]"
Nick Smith Jr.,2023,SG,27.0,0.0,0.3085077,0.40212936751363043,55.4,"[{""feature"": ""Body fat %"", ""detail"": ""typical body fat"", ""effect"": ""positive""}, {""feature"": ""Draft position"", ""detail"": ""mid-round pick"", ""effect"": ""negative""}, {""feature"": ""Lane agility time"", ""detail"": ""typical speed"", ""effect"": ""positive""}, {""feature"": ""Standing reach"", ""detail"": ""about average"", ""effect"": ""positive""}, {""feature"": ""Three-quarter sprint"", ""detail"": ""typical speed"", ""effect"": ""negative""}]"
Julian Strawther,2023,SF,29.0,0.0,0.34521493,0.44205067456134356,51.1,"[{""feature"": ""Lane agility time"", ""detail"": ""faster than typical"", ""effect"": ""positive""}, {""feature"": ""Draft position"", ""detail"": ""mid-round pick"", ""effect"": ""negative""}, {""feature"": ""Standing vertical leap"", ""detail"": ""below average"", ""effect"": ""negative""}, {""feature"": ""Standing reach"", ""detail"": ""about average"", ""effect"": ""positive""}, {""feature"": ""Body fat %"", ""detail"": ""typical body fat"", ""effect"": ""positive""}]"
Amen Thompson,2023,SG,4.0,0.0,0.9954912,0.7705516445844715,95.0,"[{""feature"": ""Draft position"", ""detail"": ""very early pick"", ""effect"": ""positive""}, {""feature"": ""Body fat %"", ""detail"": ""typical body fat"", ""effect"": ""positive""}, {""feature"": ""Lane agility time"", ""detail"": ""typical speed"", ""effect"": ""positive""}, {""feature"": ""Three-quarter sprint"", ""detail"": ""typical speed"", ""effect"": ""negative""}, {""feature"": ""Bench press reps"", ""detail"": ""about average"", ""effect"": ""negative""}]"
Ausar Thompson,2023,SG,5.0,0.0,0.99435425,0.7644611272590914,95.0,"[{""feature"": ""Draft position"", ""detail"": ""very early pick"", ""effect"": ""positive""}, {""feature"": ""Body fat %"", ""detail"": ""typical body fat"", ""effect"": ""positive""}, {""feature"": ""Lane agility time"", ""detail"": ""typical speed"", ""effect"": ""positive""}, {""feature"": ""Standing reach"", ""detail"": ""about average"", ""effect"": ""positive""}, {""feature"": ""Three-quarter sprint"", ""detail"": ""typical speed"", ""effect"": ""negative""}]"
Drew Timme,2023,C,,0.0,0.26679495,0.4968761336149495,10.1,"[{""feature"": ""Lane agility time"", ""detail"": ""faster than typical"", ""effect"": ""positive""}, {""feature"": ""Standing reach"", ""detail"": ""above average"", ""effect"": ""positive""}, {""feature"": ""Standing vertical leap"", ""detail"": ""below average"", ""effect"": ""negative""}, {""feature"": ""Max vertical leap"", ""detail"": ""below average"", ""effect"": ""negative""}, {""feature"": ""Three-quarter sprint"", ""detail"": ""typical speed"", ""effect"": ""positive""}]"
Nae'Qwan Tomlin,2023,PF,,0.0,0.3019397,0.4194612521652397,13.4,"[{""feature"": ""Body fat %"", ""detail"": ""typical body fat"", ""effect"": ""positive""}, {""feature"": ""Lane agility time"", ""detail"": ""typical speed"", ""effect"": ""positive""}, {""feature"": ""Draft position"", ""detail"": ""mid-round pick"", ""effect"": ""positive""}, {""feature"": ""Standing reach"", ""detail"": ""about average"", ""effect"": ""positive""}, {""feature"": ""Three-quarter sprint"", ""detail"": ""typical speed"", ""effect"": ""negative""}]"
Oscar Tshiebwe,2023,C,,0.0,0.2131659,0.36241933038354546,10.2,"[{""feature"": ""Lane agility time"", ""detail"": ""slower than typical"", ""effect"": ""negative""}, {""feature"": ""Standing reach"", ""detail"": ""above average"", ""effect"": ""positive""}, {""feature"": ""Weight"", ""detail"": ""above average"", ""effect"": ""positive""}, {""feature"": ""Max vertical leap"", ""detail"": ""about average"", ""effect"": ""negative""}, {""feature"": ""Body fat %"", ""detail"": ""typical body fat"", ""effect"": ""positive""}]"
Azuolas Tubelis,2023,PF,,0.0,0.19764602,0.46966785596123145,10.7,"[{""feature"": ""Standing vertical leap"", ""detail"": ""far below average"", ""effect"": ""negative""}, {""feature"": ""Three-quarter sprint"", ""detail"": ""much slower than typical"", ""effect"": ""positive""}, {""feature"": ""Standing reach"", ""detail"": ""above average"", ""effect"": ""positive""}, {""feature"": ""Lane agility time"", ""detail"": ""typical speed"", ""effect"": ""positive""}, {""feature"": ""Max vertical leap"", ""detail"": ""below average"", ""effect"": ""negative""}]"
Tristan Vukcevic,2023,C,42.0,0.0,0.332393,0.19209933860177777,42.0,"[{""feature"": ""Draft position"", ""detail"": ""later pick"", ""effect"": ""negative""}, {""feature"": ""Standing reach"", ""detail"": ""far above average"", ""effect"": ""positive""}, {""feature"": ""Three-quarter sprint"", ""detail"": ""slower than typical"", ""effect"": ""positive""}, {""feature"": ""Standing vertical leap"", ""detail"": ""below average"", ""effect"": ""negative""}, {""feature"": ""Max vertical leap"", ""detail"": ""below average"", ""effect"": ""negative""}]"
Jarace Walker,2023,PF,8.0,0.0,0.99310875,0.8582079971932782,94.7,"[{""feature"": ""Draft position"", ""detail"": ""very early pick"", ""effect"": ""positive""}, {""feature"": ""Lane agility time"", ""detail"": ""faster than typical"", ""effect"": ""positive""}, {""feature"": ""Standing vertical leap"", ""detail"": ""far above average"", ""effect"": ""positive""}, {""feature"": ""Max vertical leap"", ""detail"": ""above average"", ""effect"": ""positive""}, {""feature"": ""Three-quarter sprint"", ""detail"": ""faster than typical"", ""effect"": ""negative""}]"
Cason Wallace,2023,PG,10.0,0.0,0.97279185,0.7523261330074075,91.0,"[{""feature"": ""Draft position"", ""detail"": ""earlier pick"", ""effect"": ""positive""}, {""feature"": ""Lane agility time"", ""detail"": ""faster than typical"", ""effect"": ""positive""}, {""feature"": ""Standing reach"", ""detail"": ""below average"", ""effect"": ""negative""}, {""feature"": ""Max vertical leap"", ""detail"": ""above average"", ""effect"": ""positive""}, {""feature"": ""Standing vertical leap"", ""detail"": ""about average"", ""effect"": ""negative""}]"
Jordan Walsh,2023,SF,38.0,0.0,0.37751275,0.4214565417471174,54.1,"[{""feature"": ""Draft position"", ""detail"": ""later pick"", ""effect"": ""negative""}, {""feature"": ""Lane agility time"", ""detail"": ""faster than typical"", ""effect"": ""positive""}, {""feature"": ""Standing vertical leap"", ""detail"": ""above average"", ""effect"": ""positive""}, {""feature"": ""Standing reach"", ""detail"": ""above average"", ""effect"": ""positive""}, {""feature"": ""Max vertical leap"", ""detail"": ""above average"", ""effect"": ""positive""}]"
Victor Wembanyama,2023,C,1.0,0.0,0.99814546,0.8123562167385247,94.1,"[{""feature"": ""Draft position"", ""detail"": ""very early pick"", ""effect"": ""positive""}, {""feature"": ""Body fat %"", ""detail"": ""typical body fat"", ""effect"": ""positive""}, {""feature"": ""Lane agility time"", ""detail"": ""typical speed"", ""effect"": ""positive""}, {""feature"": ""Standing reach"", ""detail"": ""about average"", ""effect"": ""positive""}, {""feature"": ""Three-quarter sprint"", ""detail"": ""typical speed"", ""effect"": ""negative""}]"
Dariq Whitehead,2023,SG,22.0,0.0,0.47636557,0.4850837078996045,83.1,"[{""feature"": ""Draft position"", ""detail"": ""mid-round pick"", ""effect"": ""positive""}, {""feature"": ""Body fat %"", ""detail"": ""typical body fat"", ""effect"": ""positive""}, {""feature"": ""Lane agility time"", ""detail"": ""typical speed"", ""effect"": ""positive""}, {""feature"": ""Three-quarter sprint"", ""detail"": ""typical speed"", ""effect"": ""negative""}, {""feature"": ""Bench press reps"", ""detail"": ""about average"", ""effect"": ""negative""}]"
Cam Whitmore,2023,SF,20.0,0.0,0.8220383,0.7018798900510533,87.6,"[{""feature"": ""Draft position"", ""detail"": ""earlier pick"", ""effect"": ""positive""}, {""feature"": ""Lane agility time"", ""detail"": ""faster than typical"", ""effect"": ""positive""}, {""feature"": ""Max vertical leap"", ""detail"": ""far above average"", ""effect"": ""positive""}, {""feature"": ""Standing vertical leap"", ""detail"": ""above average"", ""effect"": ""positive""}, {""feature"": ""Three-quarter sprint"", ""detail"": ""faster than typical"", ""effect"": ""negative""}]"
Jalen Wilson,2023,SF,51.0,0.0,0.33394086,0.1060276099060511,31.0,"[{""feature"": ""Draft position"", ""detail"": ""very late pick"", ""effect"": ""negative""}, {""feature"": ""Standing reach"", ""detail"": ""below average"", ""effect"": ""negative""}, {""feature"": ""Standing vertical leap"", ""detail"": ""above average"", ""effect"": ""positive""}, {""feature"": ""Three-quarter sprint"", ""detail"": ""faster than typical"", ""effect"": ""negative""}, {""feature"": ""Lane agility time"", ""detail"": ""typical speed"", ""effect"": ""positive""}]"
Isaiah Wong,2023,SG,55.0,0.0,0.31929973,0.09616899680456772,26.5,"[{""feature"": ""Draft position"", ""detail"": ""very late pick"", ""effect"": ""negative""}, {""feature"": ""Standing reach"", ""detail"": ""below average"", ""effect"": ""negative""}, {""feature"": ""Lane agility time"", ""detail"": ""faster than typical"", ""effect"": ""positive""}, {""feature"": ""Standing vertical leap"", ""detail"": ""above average"", ""effect"": ""positive""}, {""feature"": ""Max vertical leap"", ""detail"": ""above average"", ""effect"": ""positive""}]"
